key,de
account.access.accepted,Einladung angenommen
account.access.active,Aktive Organisation
account.access.consentDescription,Anwendungen mit Zugriff auf Informationen aus Ihrem Konto.
account.access.consentEmpty,Keine Anwendung hat Zugriff auf dieses Konto.
account.access.consentRevokeConfirm,Zugriff für {clientId} widerrufen?
account.access.consentRevoked,Der Anwendungszugriff wurde widerrufen.
account.access.created,Erteilt am {date}
account.access.declined,Einladung abgelehnt
account.access.effectiveDescription,"Review the active organizations, projects, roles, and permissions available to this account."
account.access.effectiveDescription,"Review the active organizations, projects, roles, and permissions available to this account."
account.access.effectiveEmpty,This account has no active organization or project access.
account.access.effectiveEmpty,This account has no active organization or project access.
account.access.effectiveMembership,Membership roles: {roles}
account.access.effectiveMembership,Membership roles: {roles}
account.access.effectivePermissions,Permissions: {permissions}
account.access.effectivePermissions,Permissions: {permissions}
account.access.effectiveSource,Access source: {source}
account.access.effectiveSource,Access source: {source}
account.access.effectiveTitle,Effective access
account.access.effectiveTitle,Effective access
account.access.email,E-Mail
account.access.error,Die Kontoinformationen konnten nicht geladen werden.
account.access.expired,Diese Einladung ist abgelaufen.
account.access.invitationDeclineConfirm,Diese Einladung ablehnen?
account.access.invitationDescription,Prüfen Sie Organisation und Rollen vor Ihrer Antwort.
account.access.invitationEmpty,Für dieses Konto liegen keine Einladungen vor.
account.access.invitationFor,Einladung für {email}
account.access.invitationMissing,Öffnen Sie den vollständigen Einladungslink.
account.access.invitationOpen,Einladung öffnen
account.access.invitationReplay,Diese Einladung wurde bereits verwendet oder ist nicht mehr verfügbar.
account.access.loadMore,Load more access
account.access.loadMore,Load more access
account.access.membership,Mitgliedsrollen
account.access.organizationAccess,Organization access
account.access.organizationAccess,Organization access
account.access.organizationDescription,Wählen Sie die Organisation aus in der Sie arbeiten.
account.access.organizationEmpty,Dieses Konto gehört keiner Organisation an.
account.access.permission,Sie haben keine Berechtigung für diese Aktion.
account.access.permissionsToggle,{count} von {source} gewährte Berechtigungen anzeigen
account.access.roles,Rollen: {roles}
account.access.scopes,Berechtigungen: {scopes}
account.access.switchOrganization,Organisation wechseln
account.access.switched,Organisationskontext zu {organization} geändert.
account.delete.confirmLabel,Geben Sie zur Bestätigung {email} ein
account.delete.dangerZone,Gefahrenbereich
account.delete.dangerZoneToggle,Optionen zur Kontolöschung anzeigen
account.delete.deletedDetail,Ihr Konto und Ihre Zugriffe wurden dauerhaft entfernt.
account.delete.deletedTitle,Konto gelöscht
account.delete.emailMismatch,Die E-Mail-Adresse stimmt nicht überein.
account.delete.submit,Konto dauerhaft löschen
account.delete.title,Dieses Konto dauerhaft löschen
account.delete.warning,Diese Aktion kann nicht rückgängig gemacht werden. Ihre Sitzungen und Zugriffe werden beendet.
account.directory.title,Ihr Konto
account.factors.addTotp,Authenticator hinzufügen
account.factors.codeCount,{count} Wiederherstellungscodes
account.factors.confirm,Bestätigen
account.factors.description,Prüfen Sie die für Ihr Konto verfügbaren Authentifizierungsmethoden und verwalten Sie Ihre Authenticator-App.
account.factors.emailOtp,E-Mail-Code
account.factors.finishTotp,Authenticator-Einrichtung abschließen
account.factors.passkeyCount,{count} Passkeys
account.factors.passkeys,Passkeys
account.factors.recovery,Wiederherstellung
account.factors.removeTotp,Authenticator entfernen
account.factors.totp,Authenticator-App
account.factors.totpSecretOnce,Fügen Sie dieses Geheimnis Ihrem Authenticator hinzu und geben Sie den sechsstelligen Code ein. Dieses Einrichtungsgeheimnis wird nur jetzt angezeigt.
account.factors.verificationCode,Bestätigungscode
account.identities.alreadyLinked,This external account is already linked.
account.identities.confirm,Confirm link
account.identities.confirmDescription,Confirm linking your {provider} account to continue.
account.identities.confirmTitle,Confirm external account
account.identities.description,"Externe Konten, die mit Ihrer Authworks-Identität verknüpft sind. Trennen Sie Konten, die Sie nicht mehr nutzen."
account.identities.empty,Es sind keine externen Identitäten verknüpft
account.identities.externalAccount,external account
account.identities.linkDescription,Connect another provider to use it as an authentication method.
account.identities.linkTitle,Link an external account
account.identities.popupBlocked,Allow pop-ups to connect an external account.
account.identities.unlink,Trennen
account.identities.unlinkConfirm,Dieses externe Konto trennen?
account.passkeys.add,Passkey hinzufügen
account.passkeys.created,Erstellt am {date}
account.passkeys.description,Passkeys nutzen die Bildschirmsperre Ihres Geräts oder einen Sicherheitsschlüssel für die sichere Anmeldung.
account.passkeys.deviceBound,Gerätegebundener Passkey
account.passkeys.empty,Keine Passkeys registriert
account.passkeys.remove,Entfernen
account.passkeys.synced,Synchronisierter Passkey
account.password.changed,Ihr Passwort wurde geändert.
account.password.confirm,Neues Passwort bestätigen
account.password.current,Aktuelles Passwort
account.password.description,"Verwenden Sie ein eindeutiges Passwort, das Sie für keinen anderen Dienst nutzen."
account.password.mismatch,Die neuen Passwörter stimmen nicht überein.
account.password.new,Neues Passwort
account.password.submit,Passwort ändern
account.password.title,Passwort ändern
account.password.tooShort,Das neue Passwort muss mindestens 8 Zeichen enthalten.
account.profile.displayName,Anzeigename
account.profile.displayNameRequired,Geben Sie einen Anzeigenamen ein.
account.profile.email,E-Mail-Adresse
account.profile.emailAdd,Add email address
account.profile.emailAddDescription,Add another address to your account. It becomes available after you verify it.
account.profile.emailAddTitle,Add email address
account.profile.emailAddressDescription,Verified addresses can be used for sign-in and account recovery. Account communication uses the primary address.
account.profile.emailAddresses,Email addresses
account.profile.emailAddressesEmpty,No email addresses are available.
account.profile.emailAddressesSaved,Your email addresses were updated.
account.profile.emailChange,Change email address
account.profile.emailChangeDescription,Verify a new address before it replaces the current sign-in address.
account.profile.emailChangeTitle,Change email address
account.profile.emailCodeSent,"Open the verification link sent to {email}, or paste its token below."
account.profile.emailCodeSentGeneric,"Open the verification link sent to your new address, or paste its token below."
account.profile.emailDescription,Prüfen Sie die verifizierte Adresse für Anmeldung und Kontokommunikation.
account.profile.emailDifferent,Use a different address
account.profile.emailInvalid,Enter a valid email address.
account.profile.emailMakePrimary,Make primary
account.profile.emailNew,New email address
account.profile.emailPrimary,Primary
account.profile.emailPrimaryRemoveBlocked,The primary email address cannot be removed.
account.profile.emailRefresh,Refresh addresses
account.profile.emailRemove,Remove
account.profile.emailRemoving,Removing…
account.profile.emailResend,Resend verification email
account.profile.emailSaved,Your verified email address was updated.
account.profile.emailSending,Sending verification email…
account.profile.emailTitle,E-Mail-Adresse und Verifizierung
account.profile.emailToken,Verification token
account.profile.emailTokenInvalid,Enter the verification token from the email.
account.profile.emailUpdating,Updating…
account.profile.emailVerify,Verify email address
account.profile.emailVerifying,Verifying…
account.profile.firstName,Vorname
account.profile.gender,Gender
account.profile.gender.man,Man
account.profile.gender.nonBinary,Non-binary
account.profile.gender.unspecified,Unspecified
account.profile.gender.woman,Woman
account.profile.lastName,Nachname
account.profile.nickName,Spitzname
account.profile.nickNameHint,Optional preferred or short name shared in the OIDC nickname claim; display name is shown in the account UI.
account.profile.personalDescription,"Halten Sie das Profil aktuell, das Anwendungen und Administratoren angezeigt wird."
account.profile.personalInformation,Persönliche Angaben
account.profile.phoneAdd,Add phone number
account.profile.phoneChange,Change phone number
account.profile.phoneCode,Six-digit verification code
account.profile.phoneCodeInvalid,Enter the six-digit verification code.
account.profile.phoneCodeSent,Enter the code sent to {phoneNumber} on WhatsApp.
account.profile.phoneDescription,"Add or change the verified WhatsApp number you can use to sign in. Your current number stays active until the new one is verified."
account.profile.phoneDifferent,Use a different number
account.profile.phoneHint,"Use international E.164 format, for example +14155552671."
account.profile.phoneInvalid,Enter a valid phone number in E.164 format.
account.profile.phoneNew,New phone number
account.profile.phoneNotAdded,No verified phone number added
account.profile.phoneNumber,WhatsApp phone number
account.profile.phonePlaceholder,+14155552671
account.profile.phoneResend,Resend code
account.profile.phoneSaved,Your verified phone number was updated.
account.profile.phoneSending,Sending code…
account.profile.phoneTitle,WhatsApp phone number
account.profile.phoneVerify,Verify phone number
account.profile.phoneVerifying,Verifying…
account.profile.picture,Profile picture
account.profile.pictureAlt,Current profile picture
account.profile.pictureChange,Profilbild ändern
account.profile.pictureChoose,Choose a picture file
account.profile.pictureDropHint,Bild hierher ziehen oder zum Auswählen klicken
account.profile.pictureHint,"Upload a JPEG, PNG, WebP, or GIF image of at most 512 KiB."
account.profile.pictureRemove,Remove picture
account.profile.pictureRemoving,Profilbild wird entfernt…
account.profile.pictureSaved,Profile picture updated.
account.profile.pictureTooLarge,Choose an image of at most 512 KiB.
account.profile.pictureTypeInvalid,"Choose a JPEG, PNG, WebP, or GIF image."
account.profile.pictureUnavailable,Profilbild konnte nicht geladen werden
account.profile.pictureUploading,Uploading the picture…
account.profile.preferredLanguage,Bevorzugte Sprache
account.profile.preferredLanguage.unspecified,Nicht festgelegt
account.profile.save,Änderungen speichern
account.profile.saved,Ihr Profil wurde gespeichert.
account.profile.signInDescription,Diese Angaben identifizieren Ihr Konto.
account.profile.signInTitle,Anmeldedaten
account.profile.userName,Benutzername
account.profile.verificationPending,Verifizierung ausstehend
account.profile.verified,Verifiziert
account.recovery.generate,Neue Codes erzeugen
account.recovery.once,Kopieren oder drucken Sie diese Codes jetzt. Sie können nicht erneut angezeigt werden.
account.recovery.remaining,{count} unbenutzte Codes verbleiben. Das Erzeugen neuer Codes macht die bisherigen ungültig.
account.recovery.saveNow,Speichern Sie jetzt Ihre Wiederherstellungscodes
account.recovery.saved,Ich habe diese Codes gespeichert
account.recovery.summary,Wiederherstellungszugriff
account.refreshTokens.active,Aktiv
account.refreshTokens.description,"Prüfen Sie die Anwendungen, die für dieses Konto Refresh-Tokens verwenden. Es werden nur sichere Metadaten angezeigt; der Widerruf einer Familie macht auch ihre Zugriffstoken ungültig."
account.refreshTokens.empty,Keine Refresh-Token-Familien verfügbar
account.refreshTokens.expired,Abgelaufen
account.refreshTokens.expires,Läuft ab am {date}
account.refreshTokens.lastUsed,Zuletzt verwendet am {date}
account.refreshTokens.neverUsed,Noch nie verwendet
account.refreshTokens.revoke,Familie widerrufen
account.refreshTokens.revokeAll,Alle Familien widerrufen
account.refreshTokens.revokeAllConfirm,Alle Refresh-Token-Familien für dieses Konto widerrufen?
account.refreshTokens.revokeConfirm,Diese Refresh-Token-Familie und ihre Zugriffstoken widerrufen?
account.refreshTokens.revoked,Widerrufen
account.refreshTokens.revokedAt,Widerrufen am {date}
account.refreshTokens.scope,Bereiche: {scope}
account.refreshTokens.title,Refresh-Token-Familien
account.security.label,Verwaltung der Kontosicherheit
account.securityHistory.category.emailChanges,Email changes
account.securityHistory.category.impersonation,Impersonation
account.securityHistory.category.linkedIdentities,Linked identities
account.securityHistory.category.mfa,Multi-factor authentication
account.securityHistory.category.passkeys,Passkeys
account.securityHistory.category.passwords,Passwords
account.securityHistory.category.refreshTokens,Refresh tokens
account.securityHistory.category.sessions,Sessions
account.securityHistory.description,Review recent safe security activity. Sensitive details and identifiers are never shown.
account.securityHistory.empty,No security activity is available
account.securityHistory.event.accessTokenRevoked,An access token was revoked
account.securityHistory.event.emailChangeFailed,An email address change failed
account.securityHistory.event.emailChangeRequested,An email address change was requested
account.securityHistory.event.emailChangeVerified,A new email address was verified
account.securityHistory.event.emailChanged,The account email address changed
account.securityHistory.event.identityLinked,An external identity was linked
account.securityHistory.event.identityUnlinked,An external identity was unlinked
account.securityHistory.event.impersonationEnded,An impersonation session ended
account.securityHistory.event.impersonationStarted,An impersonation session started
account.securityHistory.event.mfaCompleted,A multi-factor challenge was completed
account.securityHistory.event.mfaFailed,A multi-factor challenge failed
account.securityHistory.event.mfaStarted,A multi-factor challenge started
account.securityHistory.event.passkeyAuthenticationCompleted,A passkey authentication completed
account.securityHistory.event.passkeyAuthenticationStarted,A passkey authentication started
account.securityHistory.event.passkeyCredentialRevoked,A passkey was revoked
account.securityHistory.event.passkeyCredentialUsed,A passkey was used
account.securityHistory.event.passkeyRegistrationCompleted,A passkey registration completed
account.securityHistory.event.passkeyRegistrationStarted,A passkey registration started
account.securityHistory.event.passwordChanged,The password changed
account.securityHistory.event.passwordEmailVerified,The password email address was verified
account.securityHistory.event.passwordLocked,The password account was locked
account.securityHistory.event.passwordLoginFailed,A password sign-in failed
account.securityHistory.event.passwordLoginSucceeded,A password sign-in succeeded
account.securityHistory.event.passwordRecovered,The password was recovered
account.securityHistory.event.passwordRecoveryRequested,Password recovery was requested
account.securityHistory.event.passwordUnlocked,The password account was unlocked
account.securityHistory.event.passwordWhatsappVerified,The WhatsApp sign-in number was verified
account.securityHistory.event.recoveryCodeUsed,A recovery code was used
account.securityHistory.event.recoveryCodesGenerated,Recovery codes were generated
account.securityHistory.event.refreshTokenFamilyRevoked,A refresh-token family was revoked
account.securityHistory.event.sessionCreated,A session was created
account.securityHistory.event.sessionRevoked,A session was revoked
account.securityHistory.event.sessionRotated,A session was renewed
account.securityHistory.event.sessionsRevoked,All sessions were revoked
account.securityHistory.event.totpEnrollmentConfirmed,An authenticator was confirmed
account.securityHistory.event.totpEnrollmentStarted,Authenticator setup started
account.securityHistory.event.totpRemoved,An authenticator was removed
account.securityHistory.event.totpVerified,An authenticator challenge succeeded
account.securityHistory.loadMore,Load more security activity
account.sessionExpired,Ihre Sitzung ist abgelaufen
account.sessions.current,Aktuelle Sitzung
account.sessions.description,"Prüfen Sie Geräte, auf denen Ihr Konto angemeldet ist, und widerrufen Sie jede Sitzung, die Sie nicht kennen."
account.sessions.empty,Keine aktiven Sitzungen
account.sessions.lastUsed,Zuletzt verwendet {date}
account.sessions.revoke,Sitzung widerrufen
account.sessions.revokeConfirm,Diese Sitzung sofort widerrufen?
account.sessions.unknownDevice,Unbekanntes Gerät
account.status.available,Verfügbar
account.status.configured,Konfiguriert
account.status.notConfigured,Nicht konfiguriert
account.status.unavailable,Nicht verfügbar
admin.common.confirmTitle,Diese Aktion bestätigen
admin.common.next,Weiter
admin.common.pagination,Seitennavigation
admin.common.permission,"Sie haben keine Berechtigung, diese Administrationsdaten anzuzeigen."
admin.common.previous,Zurück
admin.events.actor,Akteur
admin.events.aggregate,Aggregat
admin.events.count,{count} Ereignisse
admin.events.description,"Unveränderliche Sicherheitsaktivität für den aktuellen Realm, neueste zuerst."
admin.events.empty,Keine Ereignisse entsprechen dem aktuellen Filter.
admin.events.hide,Nutzdaten ausblenden
admin.events.occurred,Aufgetreten
admin.events.payload,Nutzdaten
admin.events.redactionNotice,Geheime Werte werden vor dem Speichern eines Ereignisses geschwärzt.
admin.events.search,Ereignisse durchsuchen
admin.events.searchPlaceholder,"Nach Typ, Aggregat oder Akteur filtern"
admin.events.show,Nutzdaten anzeigen
admin.events.systemActor,System
admin.events.title,Audit-Ereignisse
admin.events.type,Ereignistyp
admin.impersonation.activeTitle,Active impersonation
admin.impersonation.actor,Administrator
admin.impersonation.assuranceRequired,Impersonating a user requires multi-factor authentication. Sign in again with a second factor to continue.
admin.impersonation.assuranceRequiredTitle,Stronger sign-in required
admin.impersonation.auditLink,View the audit events for this impersonation
admin.impersonation.bannerLabel,Impersonation in progress
admin.impersonation.bannerSummary,{actor} is acting as {subject}. This session ends in {remaining}.
admin.impersonation.description,"Act as another person for a short, recorded support session. A reason and a bounded duration are always required."
admin.impersonation.duration,Duration
admin.impersonation.durationHint,"Impersonation always ends automatically, after at most fifteen minutes."
admin.impersonation.durationInvalid,Choose a duration between one second and fifteen minutes.
admin.impersonation.durationMinutes,{count} minutes
admin.impersonation.end,Identitätsübernahme beenden
admin.impersonation.endConfirm,Die Identitätsübernahme von {subject} jetzt beenden?
admin.impersonation.endedNotice,Die Sitzung zur Identitätsübernahme wurde beendet.
admin.impersonation.expires,Ends
admin.impersonation.expiringSoon,This impersonation ends in under a minute.
admin.impersonation.nestedRejected,You are already acting as another user. End the current impersonation before starting a new one.
admin.impersonation.nestedRejectedTitle,Nested impersonation is not allowed
admin.impersonation.noOrganization,No organization
admin.impersonation.organization,Organization
admin.impersonation.organizationHint,Optional. Restrict the session to the permissions the person holds in one organization.
admin.impersonation.permissionDenied,You do not have permission to impersonate users in this realm.
admin.impersonation.permissionDeniedTitle,Zugriff nicht verfügbar
admin.impersonation.reason,Reason
admin.impersonation.reasonHint,Recorded in the audit trail and shown to the person you act as.
admin.impersonation.reasonRequired,Enter a reason between 3 and 256 characters.
admin.impersonation.remaining,Remaining
admin.impersonation.remainingValue,{minutes}:{seconds}
admin.impersonation.selfRejected,You cannot impersonate your own account.
admin.impersonation.start,Start impersonation
admin.impersonation.startConfirm,Start acting as {subject}? Everything you do will be recorded against your own identity.
admin.impersonation.startedAt,Started
admin.impersonation.startedNotice,You are now acting as {subject}.
admin.impersonation.subject,Acting as
admin.impersonation.target,User to impersonate
admin.impersonation.targetRequired,Choose the user you want to act as.
admin.impersonation.title,Impersonation
admin.impersonation.userAction,Impersonate this user
admin.machine.assuranceRequired,"Für die Verwaltung von Maschinenbenutzern und deren Anmeldedaten ist eine stärkere, aktuellere Anmeldung erforderlich. Melden Sie sich erneut an, um fortzufahren."
admin.machine.assuranceRequiredTitle,Stärkere Anmeldung erforderlich
admin.machine.created,Erstellt
admin.machine.credentials.apiKeyCreated,Der API-Schlüssel wurde ausgestellt.
admin.machine.credentials.description,"Anmeldedaten, die ein Maschinenbenutzer vorlegt, um ein Access-Token zu erhalten. Es werden nur deren Metadaten gespeichert, niemals der Wert."
admin.machine.credentials.empty,Dieser Maschinenbenutzer hat noch keine Anmeldedaten.
admin.machine.credentials.expires,Läuft ab
admin.machine.credentials.expiresHint,"Lassen Sie dies leer, um Anmeldedaten ohne Ablauf auszustellen."
admin.machine.credentials.expiryInvalid,Geben Sie ein gültiges Ablaufdatum ein oder lassen Sie das Feld leer für Zugangsdaten ohne Ablauf.
admin.machine.credentials.expiryPast,Wählen Sie ein Ablaufdatum in der Zukunft.
admin.machine.credentials.issue,Anmeldedaten ausstellen
admin.machine.credentials.issueDescription,Stellen Sie ein persönliches Zugriffstoken oder einen API-Schlüssel aus. Der Wert wird einmalig angezeigt und kann nicht wiederhergestellt werden.
admin.machine.credentials.kind,Art der Anmeldedaten
admin.machine.credentials.kindAccessToken,Access-Token
admin.machine.credentials.kindApiKey,API-Schlüssel
admin.machine.credentials.kindClientSecret,Client-Secret
admin.machine.credentials.kindHint,Ein persönliches Zugriffstoken handelt direkt für den Maschinenbenutzer. Ein API-Schlüssel ist für eine einzelne Integration gedacht.
admin.machine.credentials.kindToken,Persönliches Zugriffstoken
admin.machine.credentials.name,Name
admin.machine.credentials.nameRequired,"Geben Sie einen Namen ein, damit diese Zugangsdaten später erkennbar sind."
admin.machine.credentials.neverExpires,Läuft nicht ab
admin.machine.credentials.onceWarning,"Der ausgestellte Wert wird einmalig angezeigt. Speichern Sie ihn, bevor Sie diesen Dialog schließen; er kann nicht erneut abgerufen werden."
admin.machine.credentials.revoke,Widerrufen
admin.machine.credentials.revokeConfirm,"Diese Berechtigung widerrufen? Alles, was sie verwendet, funktioniert sofort nicht mehr."
admin.machine.credentials.revoked,Die Anmeldedaten wurden widerrufen.
admin.machine.credentials.scopes,Scopes
admin.machine.credentials.scopesHint,"Trennen Sie Scopes durch Leerzeichen oder Kommas. Lassen Sie das Feld leer, um die Scopes des Maschinenbenutzers zu übernehmen."
admin.machine.credentials.stateActive,Aktiv
admin.machine.credentials.stateExpired,Abgelaufen
admin.machine.credentials.stateRevoked,Widerrufen
admin.machine.credentials.subject,Maschinenbenutzer
admin.machine.credentials.title,Anmeldedaten und Token
admin.machine.credentials.tokenCreated,Das persönliche Zugriffstoken wurde ausgestellt.
admin.machine.credentials.unnamed,Unbenannte Anmeldedaten
admin.machine.crossTenant,Dieser Maschinenbenutzer gehört zu einem anderen Realm und ist hier nicht verfügbar.
admin.machine.lifecycle.activate,Aktivieren
admin.machine.lifecycle.deactivate,Deaktivieren
admin.machine.lifecycle.description,Durch die Deaktivierung können sich keine Anmeldedaten mehr authentifizieren. Das Entfernen ist endgültig und kann nicht rückgängig gemacht werden.
admin.machine.lifecycle.remove,Maschinenbenutzer entfernen
admin.machine.lifecycle.removeConfirm,Diesen Maschinenbenutzer entfernen? Alle seine Berechtigungen funktionieren sofort nicht mehr und können nicht wiederhergestellt werden.
admin.machine.lifecycle.title,Lebenszyklus
admin.machine.permissionDenied,"Sie haben keine Berechtigung, Maschinenbenutzer in diesem Realm anzusehen oder zu ändern."
admin.machine.permissionDeniedTitle,Zugriff nicht verfügbar
admin.machine.secret.acknowledge,Ich habe das Secret gespeichert
admin.machine.secret.apiKeyTitle,Neuer API-Schlüssel
admin.machine.secret.clientId,Client-ID
admin.machine.secret.clientTitle,Neues Client-Secret
admin.machine.secret.copied,In die Zwischenablage kopiert
admin.machine.secret.copy,Secret kopieren
admin.machine.secret.copyFailed,Die Zwischenablage ist nicht verfügbar. Markieren und kopieren Sie den Wert manuell.
admin.machine.secret.description,Mit dem Client-Secret kann dieser Maschinenbenutzer seine Client-Anmeldedaten gegen ein Access-Token eintauschen. Es wird nur schreibend gespeichert und kann ausschließlich rotiert werden.
admin.machine.secret.once,Nur dieses eine Mal wird der Wert für {name} angezeigt. Speichern Sie ihn jetzt; er kann nicht wiederhergestellt werden.
admin.machine.secret.redacted,Gespeichert und verborgen
admin.machine.secret.rotate,Client-Secret rotieren
admin.machine.secret.rotateConfirm,Dieses Client-Secret rotieren? Das aktuelle Secret funktioniert sofort nicht mehr und kann nicht wiederhergestellt werden.
admin.machine.secret.rotated,Das Client-Secret wurde rotiert.
admin.machine.secret.title,Client-Secret
admin.machine.secret.tokenTitle,Neues persönliches Zugriffstoken
admin.machine.secret.value,Secret-Wert
admin.machine.status,Status
admin.machine.statusValue.active,Aktiv
admin.machine.statusValue.inactive,Inaktiv
admin.machine.statusValue.removed,Entfernt
admin.machine.updated,Zuletzt aktualisiert
admin.machine.users.create,Maschinenbenutzer erstellen
admin.machine.users.createDescription,Erstellen Sie eine nicht-menschliche Identität für einen Dienst oder eine Integration. Ihr Client-Secret wird einmalig angezeigt.
admin.machine.users.createSecretHint,Eine Client-ID und ein Client-Secret werden sofort ausgestellt. Das Secret wird einmalig angezeigt und kann nicht wiederhergestellt werden.
admin.machine.users.created,Der Maschinenbenutzer wurde erstellt.
admin.machine.users.description,"Nicht-menschliche Identitäten, die sich in diesem Realm mit Client-Anmeldedaten, Token oder API-Schlüsseln authentifizieren."
admin.machine.users.detailTitle,Maschinenbenutzerdetails
admin.machine.users.displayName,Anzeigename
admin.machine.users.empty,In diesem Realm existiert noch kein Maschinenbenutzer.
admin.machine.users.identifier,Maschinenbenutzer-Kennung
admin.machine.users.invalid,Geben Sie einen Anzeigenamen und einen Benutzernamen ein und verwenden Sie nur gültige Scope-Werte.
admin.machine.users.lifecycleChanged,Der Status des Maschinenbenutzers wurde geändert.
admin.machine.users.missingId,Für dieses Ziel muss ein Maschinenbenutzer ausgewählt sein.
admin.machine.users.noScopes,Keine Scopes
admin.machine.users.scopes,Scopes
admin.machine.users.scopesHint,Trennen Sie Scopes durch Leerzeichen oder Kommas. Scopes werden exakt abgeglichen.
admin.machine.users.search,Maschinenbenutzer suchen
admin.machine.users.title,Maschinenbenutzer
admin.machine.users.userName,Benutzername
admin.machine.users.userNameHint,Wird beim Austausch von Client-Anmeldedaten als Client-ID verwendet.
admin.navigation.description,Choose an administration resource
admin.navigation.hide,Hide sidebar
admin.navigation.label,Administration
admin.navigation.title,Administration navigation
admin.oidc.assuranceRequired,"Für die Verwaltung der OpenID-Connect-Einstellungen ist eine stärkere, aktuellere Anmeldung erforderlich. Melden Sie sich erneut an, um fortzufahren."
admin.oidc.assuranceRequiredTitle,Stärkere Anmeldung erforderlich
admin.oidc.clients.consent,Zustimmung
admin.oidc.clients.consentRequired,Erforderlich
admin.oidc.clients.consentSkipped,Nicht erforderlich
admin.oidc.clients.create,Client registrieren
admin.oidc.clients.createDescription,"Registrieren Sie eine Anwendung, die Personen über OpenID Connect anmeldet. Ein vertraulicher Client erhält einmalig ein Secret."
admin.oidc.clients.created,Der Client wurde registriert.
admin.oidc.clients.description,"Anwendungen, die Personen in diesem Realm über OpenID Connect authentifizieren."
admin.oidc.clients.detailTitle,OIDC-Clientdetails
admin.oidc.clients.empty,In diesem Realm ist noch kein OpenID-Connect-Client registriert.
admin.oidc.clients.exactMatchHint,"Eine URI pro Zeile. Jede Weiterleitung wird exakt abgeglichen, daher werden Platzhalter und abweichende Endungen abgelehnt."
admin.oidc.clients.identifier,Client-Kennung
admin.oidc.clients.invalid,"Geben Sie einen Clientnamen, mindestens eine exakte Redirect-URI und mindestens einen Scope ein."
admin.oidc.clients.lifecycleChanged,Der Status des Clients wurde geändert.
admin.oidc.clients.missingId,Für dieses Ziel muss ein OIDC-Client ausgewählt sein.
admin.oidc.clients.name,Client-Name
admin.oidc.clients.postLogoutUris,Weiterleitungs-URIs nach der Abmeldung
admin.oidc.clients.redirectUris,Weiterleitungs-URIs
admin.oidc.clients.removeConfirm,"Diesen OIDC-Client entfernen? Anwendungen, die ihn nutzen, funktionieren sofort nicht mehr."
admin.oidc.clients.requireConsent,Die Person um Zustimmung zu dieser Anwendung bitten
admin.oidc.clients.saved,Der Client wurde gespeichert.
admin.oidc.clients.scopes,Erlaubte Scopes
admin.oidc.clients.search,Clients suchen
admin.oidc.clients.settingsDescription,"Steuern Sie den Client-Namen, die exakten Weiterleitungs-URIs, die erlaubten Scopes und den Umgang mit der Zustimmung."
admin.oidc.clients.settingsTitle,Client-Einstellungen
admin.oidc.clients.statusValue.active,Aktiv
admin.oidc.clients.statusValue.inactive,Inaktiv
admin.oidc.clients.statusValue.removed,Entfernt
admin.oidc.clients.title,OpenID-Connect-Clients
admin.oidc.clients.trusted,Vertrauenswürdig
admin.oidc.clients.trustedHint,Ein vertrauenswürdiger Client überspringt den Zustimmungsdialog vollständig. Markieren Sie nur eigene Anwendungen als vertrauenswürdig.
admin.oidc.clients.type,Client-Typ
admin.oidc.clients.typeConfidential,Vertraulich
admin.oidc.clients.typeHint,"Ein vertraulicher Client bewahrt ein Secret auf einem Server auf. Ein öffentlicher Client, etwa eine Mobil- oder Single-Page-App, kann das nicht."
admin.oidc.clients.typePublic,Öffentlich
admin.oidc.confirmTitle,Diese Änderung bestätigen
admin.oidc.consents.client,Anwendung
admin.oidc.consents.description,"Anwendungen, denen eine Person zugestimmt hat. Ein Widerruf führt dazu, dass die Anwendung erneut bestätigt werden muss."
admin.oidc.consents.empty,Diese Person hat noch keiner Anwendung zugestimmt.
admin.oidc.consents.granted,Zugestimmt
admin.oidc.consents.revokeConfirm,Diese Einwilligung widerrufen? Die Person wird erneut um Zustimmung gebeten.
admin.oidc.consents.revoked,Die Zustimmung wurde widerrufen.
admin.oidc.consents.title,Anwendungszustimmungen
admin.oidc.consents.user,Person
admin.oidc.created,Erstellt
admin.oidc.crossTenant,Diese Ressource gehört zu einem anderen Realm und ist hier nicht verfügbar.
admin.oidc.documents.authorizationEndpoint,Autorisierungs-Endpunkt
admin.oidc.documents.copied,Kopiert
admin.oidc.documents.copy,Dokument kopieren
admin.oidc.documents.description,"Die Protokolldokumente, die Authworks für diesen Realm veröffentlicht, genau so, wie eine Client-Bibliothek sie liest."
admin.oidc.documents.discoveryDescription,"Die OpenID-Provider-Metadaten, die über den Well-Known-Endpunkt ausgeliefert werden."
admin.oidc.documents.discoveryTitle,Discovery-Dokument
admin.oidc.documents.empty,Für diesen Realm sind noch keine Protokolldokumente veröffentlicht.
admin.oidc.documents.endSessionEndpoint,Endpunkt zum Beenden der Sitzung
admin.oidc.documents.issuer,Aussteller
admin.oidc.documents.jwksDescription,"Die öffentlichen Schlüssel, mit denen von diesem Realm ausgestellte Token geprüft werden."
admin.oidc.documents.jwksTitle,JSON Web Key Set
admin.oidc.documents.jwksUri,JWKS-URI
admin.oidc.documents.open,Endpunkt öffnen
admin.oidc.documents.readOnly,Diese Dokumente werden aus der Realm-Konfiguration und den Signaturschlüsseln erzeugt. Sie können hier nicht bearbeitet werden.
admin.oidc.documents.showRaw,Rohdokument anzeigen
admin.oidc.documents.title,Protokolldokumente
admin.oidc.documents.tokenEndpoint,Token-Endpunkt
admin.oidc.documents.userinfoEndpoint,Userinfo-Endpunkt
admin.oidc.keys.algorithm,Algorithmus
admin.oidc.keys.create,Schlüssel hinzufügen
admin.oidc.keys.created,Ein neuer Signaturschlüssel wurde veröffentlicht.
admin.oidc.keys.description,"Die Schlüssel, die Token für diesen Realm signieren. Bei der Rotation wird ein neuer Schlüssel veröffentlicht und der aktuelle außer Dienst gestellt."
admin.oidc.keys.empty,Für diesen Realm existiert noch kein Signaturschlüssel.
admin.oidc.keys.keyId,Schlüssel-ID
admin.oidc.keys.privateNotice,Es werden nur öffentliche Schlüsselmetadaten angezeigt. Privates Schlüsselmaterial wird nie an den Browser gesendet.
admin.oidc.keys.retire,Außer Dienst stellen
admin.oidc.keys.retireConfirm,Diesen Signaturschlüssel zurückziehen? Mit ihm signierte Tokens können nach dem Entfernen aus dem JWKS nicht mehr verifiziert werden.
admin.oidc.keys.retired,Der Signaturschlüssel wurde außer Dienst gestellt.
admin.oidc.keys.retiredAt,Außer Dienst gestellt
admin.oidc.keys.rotate,Schlüssel rotieren
admin.oidc.keys.rotateConfirm,Den Signaturschlüssel rotieren? Ein neuer Schlüssel wird veröffentlicht und der aktuelle zurückgezogen.
admin.oidc.keys.rotated,Der Signaturschlüssel wurde rotiert.
admin.oidc.keys.statusValue.active,Aktiv
admin.oidc.keys.statusValue.retired,Außer Dienst
admin.oidc.keys.title,Signaturschlüssel
admin.oidc.lifecycle.activate,Aktivieren
admin.oidc.lifecycle.deactivate,Deaktivieren
admin.oidc.lifecycle.remove,Client entfernen
admin.oidc.permissionDenied,"Sie haben keine Berechtigung, die OpenID-Connect-Einstellungen in diesem Realm anzusehen oder zu ändern."
admin.oidc.permissionDeniedTitle,Zugriff nicht verfügbar
admin.oidc.secret.acknowledge,Ich habe das Secret gespeichert
admin.oidc.secret.copied,In die Zwischenablage kopiert
admin.oidc.secret.copy,Secret kopieren
admin.oidc.secret.copyFailed,Die Zwischenablage ist nicht verfügbar. Markieren und kopieren Sie den Wert manuell.
admin.oidc.secret.createdTitle,Neues Client-Secret
admin.oidc.secret.description,"Das gespeicherte Client-Secret wird nie wieder angezeigt. Rotieren Sie es, um ein neues auszustellen, oder widerrufen Sie es, damit sich der Client nicht mehr authentifizieren kann."
admin.oidc.secret.once,Nur dieses eine Mal wird das Secret für {client} angezeigt. Speichern Sie es jetzt; es kann nicht wiederhergestellt werden.
admin.oidc.secret.publicClient,"Ein öffentlicher Client authentifiziert sich ohne Secret, daher gibt es nichts zu rotieren."
admin.oidc.secret.redacted,Gespeichert und verborgen
admin.oidc.secret.revoke,Secret widerrufen
admin.oidc.secret.revokeConfirm,"Dieses Client-Secret widerrufen? Der Client kann sich erst wieder authentifizieren, wenn ein neues ausgestellt wurde."
admin.oidc.secret.revoked,Das Client-Secret wurde widerrufen.
admin.oidc.secret.rotate,Secret rotieren
admin.oidc.secret.rotateConfirm,Dieses Client-Secret rotieren? Das aktuelle Secret funktioniert sofort nicht mehr.
admin.oidc.secret.rotated,Das Client-Secret wurde rotiert.
admin.oidc.secret.rotatedTitle,Rotiertes Client-Secret
admin.oidc.secret.title,Client-Secret
admin.oidc.status,Status
admin.oidc.updated,Zuletzt aktualisiert
admin.organizations.assuranceRequired,"Melden Sie sich erneut mit einer stärkeren Authentifizierungsmethode an, um diese Organisationseinstellung zu ändern."
admin.organizations.assuranceRequiredTitle,Stärkere Anmeldung erforderlich
admin.organizations.branding.background,Hintergrundfarbe
admin.organizations.branding.dark,Dunkles Design
admin.organizations.branding.description,"Farben, Logos und rechtliche Links, die auf den Anmelde- und Kontoseiten angezeigt werden."
admin.organizations.branding.font,Textfarbe
admin.organizations.branding.iconUrl,Icon-URL
admin.organizations.branding.light,Helles Design
admin.organizations.branding.logoUrl,Logo-URL
admin.organizations.branding.preview,Vorschau
admin.organizations.branding.primary,Primärfarbe
admin.organizations.branding.privacyUrl,URL der Datenschutzerklärung
admin.organizations.branding.saved,Das Branding wurde gespeichert.
admin.organizations.branding.termsUrl,URL der Nutzungsbedingungen
admin.organizations.branding.themeMode,Standarddesign
admin.organizations.branding.title,Branding
admin.organizations.branding.warn,Warnfarbe
admin.organizations.branding.watermark,Authworks-Wasserzeichen ausblenden
admin.organizations.detail.created,Erstellt
admin.organizations.detail.realm,Realm
admin.organizations.detail.settingsDescription,Steuern Sie den Organisationsnamen und ihren Lebenszyklusstatus.
admin.organizations.detail.settingsTitle,Organisationseinstellungen
admin.organizations.detail.updated,Zuletzt aktualisiert
admin.organizations.detailTitle,Organisationsdetails
admin.organizations.domains.claim,Domain beanspruchen
admin.organizations.domains.claimed,{domain} wurde beansprucht und wartet auf Verifizierung.
admin.organizations.domains.description,"Verifizierte Domains ermöglichen es Personen, diese Organisation anhand ihrer E-Mail-Adresse zu finden."
admin.organizations.domains.discovery,Erkennungsvorschau
admin.organizations.domains.discoveryDescription,"Prüfen Sie, zu welcher Organisation eine Domain bei der Anmeldung derzeit aufgelöst wird."
admin.organizations.domains.discoveryFound,{domain} wird zu {organization} aufgelöst.
admin.organizations.domains.discoveryMissing,{domain} wird zu keiner Organisation aufgelöst.
admin.organizations.domains.domain,Domain
admin.organizations.domains.empty,Diese Organisation hat noch keine Domain beansprucht.
admin.organizations.domains.invalid,Geben Sie einen gültigen Domainnamen ein.
admin.organizations.domains.placeholder,example.com
admin.organizations.domains.primary,Primäre Domain
admin.organizations.domains.remove,Domain entfernen
admin.organizations.domains.removeConfirm,Die Domain {domain} entfernen? Die Organisationserkennung dafür stoppt sofort.
admin.organizations.domains.removed,Die Domain wurde entfernt.
admin.organizations.domains.title,Domains und Erkennung
admin.organizations.domains.unverified,Verifizierung ausstehend
admin.organizations.domains.verificationRecord,Fügen Sie diesen DNS-TXT-Eintrag hinzu und verifizieren Sie dann.
admin.organizations.domains.verified,Verifiziert
admin.organizations.domains.verify,Domain verifizieren
admin.organizations.domains.verifyDone,Die Domain wurde verifiziert.
admin.organizations.invitations.create,Person einladen
admin.organizations.invitations.description,"Laden Sie Personen per E-Mail ein und verfolgen Sie, welche Einladungen noch ausstehen."
admin.organizations.invitations.email,E-Mail-Adresse
admin.organizations.invitations.emailInvalid,Geben Sie eine gültige E-Mail-Adresse ein.
admin.organizations.invitations.empty,Für diese Organisation wurden keine Einladungen versendet.
admin.organizations.invitations.expires,Läuft ab
admin.organizations.invitations.revoke,Einladung widerrufen
admin.organizations.invitations.revokeConfirm,Die Einladung für {email} widerrufen? Der Einladungslink funktioniert sofort nicht mehr.
admin.organizations.invitations.revoked,Die Einladung wurde widerrufen.
admin.organizations.invitations.rolesInvalid,Wählen Sie zwischen einer und vier Rollen.
admin.organizations.invitations.sent,Die Einladung wurde erstellt.
admin.organizations.invitations.statusValue.accepted,Angenommen
admin.organizations.invitations.statusValue.declined,Abgelehnt
admin.organizations.invitations.statusValue.expired,Abgelaufen
admin.organizations.invitations.statusValue.pending,Ausstehend
admin.organizations.invitations.statusValue.revoked,Widerrufen
admin.organizations.invitations.title,Einladungen
admin.organizations.invitations.tokenDismiss,Ich habe diesen Link gespeichert
admin.organizations.invitations.tokenOnce,Dieser Einladungslink wird nur einmal angezeigt. Teilen Sie ihn mit der eingeladenen Person.
admin.organizations.invitations.tokenTitle,Einladungslink
admin.organizations.lifecycle.activate,Organisation reaktivieren
admin.organizations.lifecycle.activateConfirm,"Diese Organisation reaktivieren? Mitglieder verlieren den Zugriff, solange sie nicht aktiv ist."
admin.organizations.lifecycle.changed,Der Lebenszyklusstatus der Organisation wurde geändert.
admin.organizations.lifecycle.deactivate,Organisation deaktivieren
admin.organizations.lifecycle.deactivateConfirm,"Diese Organisation deaktivieren? Mitglieder verlieren den Zugriff, solange sie nicht aktiv ist."
admin.organizations.lifecycle.remove,Organisation entfernen
admin.organizations.lifecycle.removeConfirm,"Diese Organisation entfernen? Mitglieder verlieren den Zugriff, solange sie nicht aktiv ist."
admin.organizations.list.create,Organisation erstellen
admin.organizations.list.description,"Organisationen bündeln die Personen, Domains und das Branding dieses Realms."
admin.organizations.list.empty,In diesem Realm existieren noch keine Organisationen.
admin.organizations.list.name,Organisationsname
admin.organizations.list.nameRequired,Geben Sie einen Organisationsnamen ein.
admin.organizations.list.search,Organisationen durchsuchen
admin.organizations.list.title,Organisationen
admin.organizations.memberships.add,Mitglied hinzufügen
admin.organizations.memberships.added,Das Mitglied wurde hinzugefügt.
admin.organizations.memberships.description,"Personen in dieser Organisation und die festen Rollen, die ihnen zugewiesen wurden."
admin.organizations.memberships.empty,Diese Organisation hat noch keine Mitglieder.
admin.organizations.memberships.invalid,Geben Sie eine Benutzer-ID ein und wählen Sie zwischen einer und vier Rollen.
admin.organizations.memberships.remove,Mitglied entfernen
admin.organizations.memberships.removeConfirm,{userId} aus dieser Organisation entfernen? Der Organisationszugriff endet sofort.
admin.organizations.memberships.removed,Das Mitglied wurde entfernt.
admin.organizations.memberships.roles,Rollen
admin.organizations.memberships.rolesFixed,Rollen sind von Authworks festgelegt und können nicht umbenannt werden.
admin.organizations.memberships.title,Mitglieder und Rollen
admin.organizations.memberships.updated,Die Mitgliedsrollen wurden aktualisiert.
admin.organizations.memberships.user,Benutzer
admin.organizations.memberships.userId,Benutzer-ID
admin.organizations.pageNext,Nächste Seite
admin.organizations.pagePrevious,Vorherige Seite
admin.organizations.permissionDenied,"Sie haben keine Berechtigung, diese Organisation anzuzeigen oder zu ändern."
admin.organizations.permissionDeniedTitle,Zugriff nicht verfügbar
admin.organizations.policy.allowedFactors,Allowed MFA factors
admin.organizations.policy.allowedFactorsDescription,Only these factors may complete MFA. WhatsApp sign-in and recovery codes are not configurable factors.
admin.organizations.policy.assurance.authenticated,Authenticated session
admin.organizations.policy.assurance.multi_factor,Multi-factor session
admin.organizations.policy.assurance.none,No assurance requirement
admin.organizations.policy.description,"Wählen Sie, welche Anmeldemethoden Personen verwenden dürfen und welche konfigurierten Anbieter angezeigt werden."
admin.organizations.policy.domainDiscovery,Organisation über eine E-Mail-Domain erkennen
admin.organizations.policy.down,Down
admin.organizations.policy.effectiveValue,Effective value: {value}
admin.organizations.policy.emailOtp,Einmalcode per E-Mail
admin.organizations.policy.enforcementAuthenticated,Protected organization operations require an authenticated session.
admin.organizations.policy.enforcementMultiFactor,Protected organization operations require a multi-factor session and prompt for step-up when needed.
admin.organizations.policy.enforcementNone,Protected organization operations do not add an assurance requirement.
admin.organizations.policy.enforcementOptional,Login can complete without an additional MFA factor.
admin.organizations.policy.enforcementRequired,Login cannot complete until a permitted MFA factor succeeds.
admin.organizations.policy.enforcementTitle,Effective enforcement
admin.organizations.policy.externalIdentity,Externe Identitätsanbieter
admin.organizations.policy.factor.emailOtp,Email one-time code
admin.organizations.policy.factor.passkey,Passkey
admin.organizations.policy.factor.totp,Authenticator app (TOTP)
admin.organizations.policy.inherited,Vom Realm geerbt
admin.organizations.policy.minimumAssurance,Minimum step-up assurance
admin.organizations.policy.moveDown,Move {factor} down
admin.organizations.policy.moveUp,Move {factor} up
admin.organizations.policy.notRequired,Not required
admin.organizations.policy.organizationOverrides,Organization overrides
admin.organizations.policy.organizationValue,Organization override
admin.organizations.policy.overrideRealm,Override the realm value
admin.organizations.policy.passkey,Passkeys
admin.organizations.policy.password,Passwort
admin.organizations.policy.passwordRecovery,Passwortwiederherstellung
admin.organizations.policy.preferredOrder,Preferred factor order
admin.organizations.policy.preferredOrderDescription,Use the Up and Down buttons to set the keyboard-accessible factor preference.
admin.organizations.policy.realmDefaults,Realm defaults
admin.organizations.policy.realmValue,Realm value
admin.organizations.policy.registration,Selbstregistrierung
admin.organizations.policy.remediation,People without an enrolled permitted factor are sent to enrollment and remediation instead of being locked out.
admin.organizations.policy.required,Required
admin.organizations.policy.requiredMfa,Required MFA
admin.organizations.policy.saved,Die Anmelderichtlinie wurde gespeichert.
admin.organizations.policy.scopeLabel,Policy scope
admin.organizations.policy.securityDescription,Set login MFA and the assurance required for protected organization operations.
admin.organizations.policy.securityTitle,MFA and assurance
admin.organizations.policy.title,Anmelderichtlinie
admin.organizations.policy.up,Up
admin.organizations.policy.validation.assuranceWeaker,The organization assurance requirement cannot be weaker than the realm value.
admin.organizations.policy.validation.factorNarrowing,Organization factors must be a subset of the realm factor allowlist.
admin.organizations.policy.validation.order,The preferred order may contain only allowed factors.
admin.organizations.policy.validation.requiredFactors,Required MFA needs at least one allowed factor.
admin.organizations.policy.validation.requiredMfaWeaker,The organization cannot turn off MFA required by the realm.
admin.organizations.providers.allowAccountCreation,Konten für neue Personen automatisch anlegen
admin.organizations.providers.clientId,Client-ID
admin.organizations.providers.clientSecret,Client-Secret
admin.organizations.providers.create,Anbieter hinzufügen
admin.organizations.providers.created,Der Anbieter wurde konfiguriert.
admin.organizations.providers.description,"Konfigurierte Google-, GitHub- und Microsoft-Anbieter für diese Organisation."
admin.organizations.providers.disable,Anbieter deaktivieren
admin.organizations.providers.disableConfirm,{displayName} deaktivieren? Personen können sich nicht mehr mit diesem Anbieter anmelden.
admin.organizations.providers.disabled,Der Anbieter wurde deaktiviert.
admin.organizations.providers.displayName,Anzeigename
admin.organizations.providers.empty,Es ist noch kein externer Identitätsanbieter konfiguriert.
admin.organizations.providers.invalid,"Geben Sie einen Anzeigenamen, eine Client-ID, ein Client-Secret und eine absolute Redirect-URI ein."
admin.organizations.providers.redirectUri,Weiterleitungs-URI
admin.organizations.providers.rotateSecret,Client-Secret ersetzen
admin.organizations.providers.secretRotated,Das Client-Secret wurde ersetzt.
admin.organizations.providers.secretWriteOnly,"Das gespeicherte Client-Secret wird nie angezeigt. Geben Sie einen neuen Wert ein, um es zu ersetzen."
admin.organizations.providers.title,Identitätsanbieter
admin.organizations.providers.type,Anbieter
admin.organizations.providers.updated,Der Anbieter wurde aktualisiert.
admin.organizations.renamed,Die Organisation wurde umbenannt.
admin.organizations.status,Status
admin.organizations.statusValue.active,Aktiv
admin.organizations.statusValue.inactive,Inaktiv
admin.organizations.statusValue.removed,Entfernt
admin.overview.description,"Identität, Domains und Lebenszyklus des Bereichs, den Sie verwalten."
admin.overview.sessionTitle,Administratorsitzung
admin.overview.title,Bereichsübersicht
admin.projects.access.description,"Rollen, die dieser Administrator derzeit effektiv im Projekt besitzt."
admin.projects.access.empty,Im aktuellen Organisationskontext sind keine Projektrollen wirksam.
admin.projects.access.grantedOrganization,Gewährt über Organisation
admin.projects.access.permissionDescription,Feste Rollen und ihre Berechtigungen werden von Authworks definiert und können nicht bearbeitet werden.
admin.projects.access.permissionTitle,Feste Rollen und Berechtigungen
admin.projects.access.roleKeys,Effektive Projektrollen
admin.projects.access.title,Effektiver Zugriff
admin.projects.applications.create,Anwendung hinzufügen
admin.projects.applications.description,"Anwendungen, die sich gegenüber diesem Projekt authentifizieren."
admin.projects.applications.empty,Dieses Projekt hat noch keine Anwendungen.
admin.projects.applications.invalid,Geben Sie einen Anwendungsnamen ein und wählen Sie einen Typ.
admin.projects.applications.name,Anwendungsname
admin.projects.applications.removeConfirm,Diese Anwendung entfernen? Dies kann nicht rückgängig gemacht werden.
admin.projects.applications.title,Anwendungen
admin.projects.applications.type,Anwendungstyp
admin.projects.crossTenant,Diese Ressource gehört zu einem anderen Realm und ist hier nicht verfügbar.
admin.projects.deleteConfirm,"Dieses Projekt löschen? Anwendungen, Rollen und Grants werden mitgelöscht."
admin.projects.deleteConfirmAccept,Projekt löschen
admin.projects.deleteConfirmTitle,Dieses Projekt löschen
admin.projects.detail.authorizationRequired,Autorisierung erforderlich
admin.projects.detail.created,Erstellt
admin.projects.detail.identifier,Projektkennung
admin.projects.detail.organization,Organisation
admin.projects.detail.projectAccessRequired,Projektzugriff erforderlich
admin.projects.detail.settingsDescription,Steuern Sie den Projektnamen und wie der Zugriff durchgesetzt wird.
admin.projects.detail.settingsTitle,Projekteinstellungen
admin.projects.detail.updated,Zuletzt aktualisiert
admin.projects.detailTitle,Projektdetails
admin.projects.grants.create,Organisationszugriff gewähren
admin.projects.grants.description,"Gewähren Sie einer anderen Organisation Zugriff auf dieses Projekt und wählen Sie, welche Rollen sie erhält."
admin.projects.grants.empty,Keiner Organisation wurde Zugriff auf dieses Projekt gewährt.
admin.projects.grants.grantedOrganization,Berechtigte Organisation
admin.projects.grants.invalid,Wählen Sie eine Organisation und mindestens eine Rolle.
admin.projects.grants.revokeConfirm,Dieses Organisations-Grant widerrufen? Mitglieder verlieren den Projektzugriff.
admin.projects.grants.roleKeys,Gewährte Rollen
admin.projects.grants.title,Organisationszuweisungen
admin.projects.lifecycle.activate,Aktivieren
admin.projects.lifecycle.deactivate,Deaktivieren
admin.projects.lifecycle.remove,Entfernen
admin.projects.lifecycle.removeConfirm,Dieses Projekt entfernen?
admin.projects.lifecycle.removeConfirmAccept,Projekt entfernen
admin.projects.lifecycle.removeConfirmTitle,Dieses Projekt entfernen
admin.projects.list.create,Projekt erstellen
admin.projects.list.description,"Projekte bündeln die Anwendungen, Rollen und Zuweisungen einer Organisation."
admin.projects.list.empty,In diesem Realm existieren noch keine Projekte.
admin.projects.list.invalid,Geben Sie einen Projektnamen ein und wählen Sie eine Organisation.
admin.projects.list.name,Projektname
admin.projects.list.search,Projekte durchsuchen
admin.projects.list.title,Projekte
admin.projects.missingId,Für dieses Ziel muss ein Projekt ausgewählt sein.
admin.projects.permissionDenied,"Sie haben keine Berechtigung, diese Projektinformationen anzuzeigen oder zu ändern."
admin.projects.roles.create,Rolle erstellen
admin.projects.roles.deleteConfirm,"Diese Projektrolle löschen? Grants, die sie referenzieren, verlieren die Rolle."
admin.projects.roles.description,"Rollen, die dieses Projekt Organisationen und ihren Mitgliedern zuweisen kann."
admin.projects.roles.displayName,Anzeigename
admin.projects.roles.empty,Dieses Projekt definiert noch keine Rollen.
admin.projects.roles.group,Gruppe
admin.projects.roles.invalid,Geben Sie einen Rollenschlüssel und einen Anzeigenamen ein.
admin.projects.roles.key,Rollenschlüssel
admin.projects.roles.title,Projektrollen
admin.projects.saved,{name} wurde gespeichert.
admin.projects.status,Status
admin.projects.statusValue.active,Aktiv
admin.projects.statusValue.inactive,Inaktiv
admin.projects.statusValue.removed,Entfernt
admin.realm.confirmLabel,Geben Sie {name} zur Bestätigung ein
admin.realm.confirmMismatch,Der Bereichsname stimmt nicht überein.
admin.realm.created,Erstellt
admin.realm.dangerZone,Gefahrenbereich
admin.realm.description,"Identitäts- und Anmeldekonfiguration für den Bereich, den Sie verwalten."
admin.realm.disable,Bereich deaktivieren
admin.realm.disableConfirm,Durch das Deaktivieren dieses Bereichs wird die Anmeldung für alle Anwendungen darin gestoppt. Fortfahren?
admin.realm.disableWarning,Durch das Deaktivieren dieses Bereichs werden Anmeldung und Tokenausgabe für alle Anwendungen darin sofort gestoppt.
admin.realm.disabled,Der Bereich wurde deaktiviert.
admin.realm.domainRequired,Geben Sie mindestens eine Bereichsdomain ein.
admin.realm.domains,Domains
admin.realm.domainsHint,Trennen Sie Domains durch Kommas. Die erste Domain ist die primäre Domain.
admin.realm.enable,Bereich aktivieren
admin.realm.enableDescription,"Dieser Bereich ist deaktiviert. Aktivieren Sie ihn, um Anmeldung und Tokenausgabe wiederherzustellen."
admin.realm.enabled,Der Bereich wurde aktiviert.
admin.realm.identifier,Bereichskennung
admin.realm.invalid,Geben Sie einen Bereichsnamen und mindestens eine Domain ein.
admin.realm.lifecycleTitle,Bereichslebenszyklus
admin.realm.name,Bereichsname
admin.realm.nameRequired,Geben Sie einen Bereichsnamen ein.
admin.realm.permissionDenied,"Sie haben keine Berechtigung, diesen Bereich zu ändern."
admin.realm.primaryDomain,Primäre Domain
admin.realm.save,Einstellungen speichern
admin.realm.saved,Die Bereichseinstellungen wurden gespeichert.
admin.realm.settingsDescription,"Ändern Sie den Bereichsnamen und die Domains, die auf diesen Bereich verweisen."
admin.realm.settingsTitle,Allgemeine Einstellungen
admin.realm.status,Status
admin.realm.statusActive,Aktiv
admin.realm.statusDisabled,Deaktiviert
admin.realm.title,Bereichseinstellungen
admin.realm.updated,Zuletzt aktualisiert
admin.session.expired,Ihre Administratorsitzung ist abgelaufen
admin.signIn.activeTitle,Administratorsitzung aktiv
admin.signIn.credential,Bootstrap-Administratoranmeldedaten
admin.signIn.credentialInvalid,Geben Sie die vollständigen Bootstrap-Administratoranmeldedaten ein.
admin.signIn.credentialNotStored,Die Anmeldedaten werden gegen eine kurze Browsersitzung eingetauscht und niemals in diesem Browser gespeichert.
admin.signIn.description,Tauschen Sie die vom Betreiber ausgestellten Bootstrap-Anmeldedaten gegen eine kurze Administrator-Browsersitzung.
admin.signIn.expiresAt,Diese Sitzung läuft am {date} ab.
admin.signIn.signOutConfirm,"Diese Administratorsitzung beenden? Sie müssen sich erneut anmelden, um fortzufahren."
admin.signIn.signedOutDetail,Die Administratorsitzung wurde auf diesem Gerät beendet.
admin.signIn.signedOutTitle,Abgemeldet
admin.signIn.subject,Subjekt
admin.signIn.subjectType,Subjekttyp
admin.signIn.title,Administratoranmeldung
admin.users.authentication.description,"Review safe sign-in metadata. Stored credentials, private keys, and recovery-code values are never shown."
admin.users.authentication.empty,No authentication methods are configured.
admin.users.authentication.generated,Generated {date}
admin.users.authentication.neverUsed,Never used
admin.users.authentication.passkeyMetadata,{deviceType} · created {created} · last used {lastUsed}
admin.users.authentication.pending,Pending confirmation
admin.users.authentication.recoveryCodes,Recovery codes
admin.users.authentication.recoveryCount,{count} codes remaining
admin.users.authentication.title,Authentication methods
admin.users.authentication.totpMetadata,{label} · confirmed {confirmed}
admin.users.backToDirectory,Zurück zu Benutzern
admin.users.count,{count} Benutzer
admin.users.create,Benutzer erstellen
admin.users.createDescription,Fügen Sie dem aktuellen Realm einen menschlichen Benutzer hinzu.
admin.users.createSubmit,Erstellen
admin.users.created,{userName} wurde erstellt.
admin.users.createdAt,Erstellt
admin.users.dangerZone,Gefahrenbereich
admin.users.delete,Benutzer löschen
admin.users.deleteConfirm,{userName} endgültig löschen?
admin.users.deleteWarning,Das Löschen dieses Benutzers widerruft sofort seine Sitzungen und Zugriffe.
admin.users.deleted,{userName} wurde gelöscht.
admin.users.description,Menschliche Identitäten im aktuellen Realm.
admin.users.detailTitle,Benutzerdetails
admin.users.displayName,Anzeigename
admin.users.displayNameRequired,Geben Sie einen Anzeigenamen ein.
admin.users.email,E-Mail-Adresse
admin.users.empty,Keine Benutzer entsprechen dem aktuellen Filter.
admin.users.firstName,Vorname
admin.users.identifier,Benutzerkennung
admin.users.invalid,Geben Sie eine gültige E-Mail-Adresse und einen Benutzernamen ein.
admin.users.lastName,Nachname
admin.users.lifecycle.active,Aktiv
admin.users.lifecycle.deleted,Gelöscht
admin.users.lifecycle.inactive,Inaktiv
admin.users.lifecycle.initial,Initial
admin.users.lifecycle.locked,Gesperrt
admin.users.lifecycle.suspended,Ausgesetzt
admin.users.lifecycleChanged,Der Benutzerstatus ist jetzt {state}.
admin.users.lifecycleConfirm,{userName} auf {state} setzen?
admin.users.lifecycleDescription,"Legen Sie fest, ob sich dieser Benutzer anmelden kann."
admin.users.lifecycleTitle,Lebenszyklus
admin.users.markUnverified,Als nicht verifiziert markieren
admin.users.markVerified,Als verifiziert markieren
admin.users.missingId,Dieser Benutzer konnte aus der Adresse nicht aufgelöst werden.
admin.users.nickName,Spitzname
admin.users.pictureAlt,User profile picture
admin.users.preferredLanguage,Bevorzugte Sprache
admin.users.profileSave,Profil speichern
admin.users.profileSaved,Das Benutzerprofil wurde gespeichert.
admin.users.profileTitle,Profil
admin.users.search,Benutzer durchsuchen
admin.users.searchPlaceholder,"Nach Benutzername, E-Mail oder Kennung filtern"
admin.users.sessions.created,Erstellt
admin.users.sessions.description,Prüfen Sie die aktiven Sitzungen dieses Benutzers und widerrufen Sie den Zugriff von einem Gerät.
admin.users.sessions.empty,Dieser Benutzer hat keine aktiven Sitzungen.
admin.users.sessions.expires,Läuft ab
admin.users.sessions.ipAddress,IP-Adresse
admin.users.sessions.lastUsed,Zuletzt verwendet
admin.users.sessions.method,Anmeldemethode
admin.users.sessions.revokeConfirm,Diese Sitzung sofort widerrufen? Das Gerät wird sofort abgemeldet.
admin.users.sessions.revoked,Die Sitzung wurde widerrufen.
admin.users.sessions.title,Sitzungen und Geräte
admin.users.state,Status
admin.users.title,Benutzer
admin.users.unverified,Nicht verifiziert
admin.users.updated,Zuletzt aktualisiert
admin.users.userName,Benutzername
admin.users.verification,Verifizierung
admin.users.verificationChanged,Der Verifizierungsstatus ist jetzt {state}.
admin.users.verificationDescription,"Legen Sie fest, ob die E-Mail-Adresse dieses Benutzers als verifiziert gilt."
admin.users.verificationTitle,Email verification
admin.users.verified,Verifiziert
app.name,Authworks
app.tagline,Sichere Identitätsdienste
common.back,Zurück
common.cancel,Abbrechen
common.close,Schließen
common.continue,Fortfahren
common.decline,Ablehnen
common.disable,Ausschalten
common.disabled,Deaktiviert
common.enable,Einschalten
common.enabled,Aktiviert
common.error,Etwas ist schiefgelaufen.
common.language,Sprache
common.loading,Wird geladen
common.next,Weiter
common.pagination,Seitennavigation
common.previous,Zurück
common.retry,Erneut versuchen
common.revoke,Widerrufen
common.save,Speichern
common.signIn,Anmelden
common.signInWithProvider,Mit {provider} anmelden
common.signOut,Abmelden
common.theme.dark,Dunkel
common.theme.light,Hell
common.theme.system,System
common.urlPlaceholder,https://
demo.account.description,"Erkunden Sie die von Authworks unterstützten Funktionen für Profil-, Organisations-, Sicherheits- und Anwendungszugriffsverwaltung ohne Netzwerk. Jedes Ziel verfügt über einen expliziten Fixture-Zustandsvertrag."
demo.account.eyebrow,Self-Service-Identität
demo.account.group.access.description,Von diesem Konto erteilte Anwendungen und Berechtigungen.
demo.account.group.access.title,Zugriff
demo.account.group.identity.description,"Die Profil- und Anmeldedaten, die Benutzer für sich selbst verwalten."
demo.account.group.identity.title,Persönliche Angaben
demo.account.group.organizations.description,"Mitgliedschaft, Organisationskontext und Einladungen."
demo.account.group.organizations.title,Organisationen
demo.account.group.security.description,"Sitzungen, Authentifizierungsfaktoren und verknüpfte Identitäten."
demo.account.group.security.title,Sicherheit
demo.account.scenario.consents.description,Zuvor für Anwendungen erteilte Berechtigungen prüfen und widerrufen.
demo.account.scenario.consents.title,Anwendungseinwilligungen
demo.account.scenario.delete.description,Auswirkungen prüfen und dauerhafte Kontolöschung bestätigen.
demo.account.scenario.delete.title,Konto löschen
demo.account.scenario.email.description,Die bestätigte Adresse für Anmeldung und Kontokommunikation prüfen.
demo.account.scenario.email.title,E-Mail-Adresse
demo.account.scenario.factors.description,"Authenticator-, E-Mail- und Passkey-Faktoren verwalten."
demo.account.scenario.factors.title,Multi-Faktor-Authentifizierung
demo.account.scenario.identities.description,"Google-, GitHub- und Microsoft-Konten prüfen und Verknüpfung aufheben."
demo.account.scenario.identities.title,Verknüpfte Identitäten
demo.account.scenario.invitation.description,Einladung vor dem Beitritt zu einer Organisation prüfen.
demo.account.scenario.invitation.title,Einladung annehmen
demo.account.scenario.invitations.description,Einladungen an das angemeldete Konto prüfen.
demo.account.scenario.invitations.title,Meine Einladungen
demo.account.scenario.organizations.description,Mitgliedschaften anzeigen und aktive Organisation wechseln.
demo.account.scenario.organizations.title,Meine Organisationen
demo.account.scenario.passkeys.description,"Passwortlose Anmeldedaten registrieren, benennen und entfernen."
demo.account.scenario.passkeys.title,Passkeys
demo.account.scenario.password.description,Aktuelles Passwort ändern und Sicherheitsstatus prüfen.
demo.account.scenario.password.title,Passwort
demo.account.scenario.profile.description,"Namen, Benutzernamen und bevorzugte Sprache prüfen und aktualisieren."
demo.account.scenario.profile.title,Profil
demo.account.scenario.recovery_codes.description,Ersatzcodes generieren und einmalig anzeigen.
demo.account.scenario.recovery_codes.title,Wiederherstellungscodes
demo.account.scenario.sessions.description,Aktive Sitzungen prüfen und nicht mehr verwendete Geräte widerrufen.
demo.account.scenario.sessions.title,Sitzungen und Geräte
demo.account.title,Konto-Demo
demo.admin.description,"Navigieren Sie durch den aktuellen Realm mithilfe einer Informationsarchitektur, die sich an Personen, Organisationen, Anwendungen, Anmeldedaten und Audit-Aktivitäten orientiert. Verfügbare Demos und geplante zustandslose Ziele sind klar getrennt."
demo.admin.directoryTitle,Administrationsverzeichnis
demo.admin.eyebrow,Realm-Administration
demo.admin.group.authorization.description,"Anwendungen, Projektrollen, Freigaben und ausgewerteter Zugriff."
demo.admin.group.authorization.title,Projekte und Autorisierung
demo.admin.group.machine_users.description,Nicht-menschliche Identitäten und deren lesegeschützte Anmeldedaten.
demo.admin.group.machine_users.title,Maschinenbenutzer
demo.admin.group.oidc.description,"Clients, genaue Weiterleitungseinstellungen, Einwilligung, Scopes und Signaturschlüssel."
demo.admin.group.oidc.title,OpenID Connect
demo.admin.group.operations.description,Realm-Sitzungen und unveränderliche Sicherheitsaktivitäten.
demo.admin.group.operations.title,Betrieb
demo.admin.group.organizations.description,"Organisationseinstellungen, Personen, Einladungen und verifizierte Domains."
demo.admin.group.organizations.title,Organisationen
demo.admin.group.realm.description,"Realm-weite Identitäts-, Lebenszyklus- und Anmeldekonfiguration."
demo.admin.group.realm.title,Realm
demo.admin.group.users.description,"Menschliche Identitäten, Anmeldedaten, Sitzungen und geschützte Supportaktionen."
demo.admin.group.users.title,Benutzer
demo.admin.realmFixtureName,Northwind Kundenidentität
demo.admin.scenario.admin_sign_in.description,Bootstrap-Anmeldedaten gegen eine kurze Administrator-Browsersitzung eintauschen.
demo.admin.scenario.admin_sign_in.title,Administrator-Anmeldung
demo.admin.scenario.applications.description,Projektanwendungen und deren Lebenszyklus verwalten.
demo.admin.scenario.applications.title,Anwendungen
demo.admin.scenario.audit_events.description,Aktuellen testdatenbasierten Sicherheits-Event-Stream durchsuchen.
demo.admin.scenario.audit_events.title,Audit-Ereignisse
demo.admin.scenario.branding.description,"Organisationsbezogene Farben, Logos und rechtliche Links konfigurieren."
demo.admin.scenario.branding.title,Branding
demo.admin.scenario.domains.description,Domains verifizieren und Organisationserkennung steuern.
demo.admin.scenario.domains.title,Domains und Erkennung
demo.admin.scenario.effective_access.description,"Schreibgeschützte effektive Rollen, Berechtigungen und Zugriffsprüfungen einsehen."
demo.admin.scenario.effective_access.title,Effektiver Zugriff
demo.admin.scenario.impersonation.description,"Begründete, zeitlich begrenzte Support-Sitzung starten, sofern zulässig."
demo.admin.scenario.impersonation.title,Identitätsübernahme
demo.admin.scenario.invitations.description,Personen einladen und ausstehende oder abgelaufene Einladungen verfolgen.
demo.admin.scenario.invitations.title,Einladungen
demo.admin.scenario.login_policy.description,"Anmelderichtlinie festlegen und Google, GitHub oder Microsoft konfigurieren."
demo.admin.scenario.login_policy.title,Anmeldung und Identitätsanbieter
demo.admin.scenario.machine_credentials.description,"Client-Anmeldedaten, PATs und API-Schlüssel ausstellen, rotieren und widerrufen."
demo.admin.scenario.machine_credentials.title,Anmeldedaten und Token
demo.admin.scenario.machine_user_detail.description,"Scopes und Lebenszyklus prüfen, Client-Geheimnis rotieren und Anmeldedaten verwalten."
demo.admin.scenario.machine_user_detail.title,Maschinenbenutzer-Details
demo.admin.scenario.machine_users.description,Dienstidentitäten und deren Lebenszyklus erstellen und verwalten.
demo.admin.scenario.machine_users.title,Maschinenbenutzer-Verzeichnis
demo.admin.scenario.memberships.description,Feste Organisationsrollen an Mitglieder zuweisen.
demo.admin.scenario.memberships.title,Mitgliedschaften und Rollen
demo.admin.scenario.oidc_client_detail.description,Genaue Weiterleitungen und Scopes bearbeiten sowie Client-Geheimnis rotieren oder widerrufen.
demo.admin.scenario.oidc_client_detail.title,OIDC-Client-Einstellungen
demo.admin.scenario.oidc_clients.description,"Clients, Weiterleitungen, Scopes, Vertrauenseinstellungen und Einmal-Geheimnisse verwalten."
demo.admin.scenario.oidc_clients.title,OIDC-Clients
demo.admin.scenario.oidc_consents.description,Von einer Person genehmigte Anwendungen prüfen und widerrufen.
demo.admin.scenario.oidc_consents.title,Anwendungseinwilligungen
demo.admin.scenario.organization_detail.description,"Organisationseinstellungen, Lebenszyklus und aktuelle Mitgliedschaften prüfen."
demo.admin.scenario.organization_detail.title,Organisationsdetails
demo.admin.scenario.organizations.description,"Organisationen im aktuellen Realm durchsuchen, suchen und erstellen."
demo.admin.scenario.organizations.title,Organisationsverzeichnis
demo.admin.scenario.project_detail.description,Projekteinstellungen und Lebenszyklus prüfen und bearbeiten.
demo.admin.scenario.project_detail.title,Projekteinstellungen
demo.admin.scenario.projects.description,"Projekte im aktuellen Realm durchsuchen, suchen und erstellen."
demo.admin.scenario.projects.title,Projektverzeichnis
demo.admin.scenario.protocol_documents.description,Schreibgeschützte Discovery- und JWKS-Endpunkte einsehen.
demo.admin.scenario.protocol_documents.title,Protokolldokumente
demo.admin.scenario.realm_overview.description,"Realm-Identität, Domains, Lebenszyklusstatus und aktuelle Sitzung prüfen."
demo.admin.scenario.realm_overview.title,Realm-Übersicht
demo.admin.scenario.realm_settings.description,"Aktuellen Realm-Namen, Domains, Status und Lebenszyklus verwalten."
demo.admin.scenario.realm_settings.title,Allgemeine Einstellungen
demo.admin.scenario.roles_grants.description,Projektrollen und Organisationszugriffsfreigaben konfigurieren.
demo.admin.scenario.roles_grants.title,Rollen und Freigaben
demo.admin.scenario.sessions.description,Realm-Sitzungen mit Subjekt- und Gerätekontext prüfen.
demo.admin.scenario.sessions.title,Sitzungen
demo.admin.scenario.signing_keys.description,Schlüsselmetadaten prüfen und geschützte Rotation durchführen.
demo.admin.scenario.signing_keys.title,Signaturschlüssel
demo.admin.scenario.user_authentication.description,"Sichere Faktor-, Passkey- und Wiederherstellungs-Metadaten in Benutzerdetails prüfen."
demo.admin.scenario.user_authentication.title,Authentifizierungsmethoden
demo.admin.scenario.user_detail.description,"Profil, Lebenszyklus, Sitzungen und sichere Authentifizierungsmetadaten prüfen."
demo.admin.scenario.user_detail.title,Benutzerdetails
demo.admin.scenario.user_sessions.description,Aktive Browsersitzungen eines Benutzers prüfen und widerrufen.
demo.admin.scenario.user_sessions.title,Benutzersitzungen
demo.admin.scenario.users.description,Menschliche Benutzer im aktuellen Realm durchsuchen und suchen.
demo.admin.scenario.users.title,Benutzerverzeichnis
demo.directory.available,Verfügbar
demo.directory.availableDemos,verfügbare Demos
demo.directory.back,Zurück zum Verzeichnis
demo.directory.fixtureStates,Fixture-Zustände
demo.directory.openDemo,Demo öffnen
demo.directory.planned,Geplant
demo.directory.plannedDestinations,geplante Ziele
demo.directory.previewFoundation,Vorschau-Grundlage
demo.fixture.accepted,akzeptiert
demo.fixture.accountError,Die deterministischen Testdaten des Kontos konnten nicht geladen werden.
demo.fixture.active,aktiv
demo.fixture.assuranceRequired,Bestätigung erforderlich
demo.fixture.continuing,fortfahren
demo.fixture.crossTenant,mandantenübergreifend
demo.fixture.declined,abgelehnt
demo.fixture.empty,leer
demo.fixture.ended,beendet
demo.fixture.error,Fehler
demo.fixture.expired,abgelaufen
demo.fixture.expiring,läuft ab
demo.fixture.fatal,schwerwiegend
demo.fixture.loading,wird geladen
demo.fixture.nestedRejected,verschachtelt abgelehnt
demo.fixture.oneTime,einmalig
demo.fixture.passwordChangeExpired,Passwort abgelaufen
demo.fixture.permissionDenied,Keine Berechtigung
demo.fixture.preview,Zustandslose Fixture-Vorschau
demo.fixture.recoveryFatal,Wiederherstellung nicht verfügbar
demo.fixture.recoveryLoading,Wiederherstellung wird geladen
demo.fixture.redacted,geschwärzt
demo.fixture.replayed,wiederholt
demo.fixture.resetInvalid,Reset-Link ungültig
demo.fixture.resetLoading,Reset-Link wird geladen
demo.fixture.state,Fixture-Status
demo.fixture.success,erfolgreich
demo.hub.accountDescription,"Erkunden Sie Self-Service-Profil-, Organisations- und Sicherheitsziele."
demo.hub.accountOpen,Konto öffnen
demo.hub.adminDescription,Identitätsressourcen und Organisationseinstellungen verwalten.
demo.hub.adminOpen,Administration öffnen
demo.hub.description,"Erkunden Sie die Demos für Anmeldung, Konto, Administration und Transaktions-E-Mails."
demo.hub.loginDescription,Erleben Sie die Authentifizierungserfahrung für Ihre Benutzer.
demo.hub.loginOpen,Anmeldung öffnen
demo.login.description,"Erkunden Sie deterministische Anmelde-, Wiederherstellungs- und Interaktions-Fixtures. Bestehende Abläufe bleiben interaktiv, während geplante Ziele ihre zustandslosen Szenarioverträge darstellen."
demo.login.eyebrow,Gehostete Authentifizierung
demo.login.group.chooser.description,Einstiegspunkte basierend auf der erkannten Anmelderichtlinie und lokal gemerkten Konten.
demo.login.group.chooser.title,Anmeldung starten
demo.login.group.chrome.description,Ablaufübergreifende Fallbacks für jeden gehosteten Interaktionsbildschirm.
demo.login.group.chrome.title,Gemeinsame Zustände
demo.login.group.interaction.description,Interaktionsergebnisse und Abmeldung für gehostete OIDC-Anfragen.
demo.login.group.interaction.title,Interaktion und Abmeldung
demo.login.group.mfa.description,"Zweitfaktor-Herausforderungen, Authenticator-Registrierung und Wiederherstellungscodes."
demo.login.group.mfa.title,Multi-Faktor-Authentifizierung
demo.login.group.password_email.description,Passwort- und E-Mail-Code-Authentifizierung mit deterministischen lokalen Fixtures.
demo.login.group.password_email.title,Passwort und E-Mail-Code
demo.login.group.passwordless.description,"Passkeys und konfigurierte externe Identitätsanbieter."
demo.login.group.passwordless.title,Passwortlos und extern
demo.login.group.recovery.description,Passwortwiederherstellung ohne Offenlegung des Kontos anfordern und abschließen.
demo.login.group.recovery.title,Wiederherstellung
demo.login.group.registration.description,Registrierung und vom Server ausgestellte E-Mail-Bestätigung.
demo.login.group.registration.title,Registrierung und Verifizierung
demo.login.scenario.chooser.description,Erlaubte primäre Authentifizierungsmethode auswählen.
demo.login.scenario.chooser.title,Methodenauswahl
demo.login.scenario.chooser_recent_accounts.description,Mit einem auf diesem Gerät gemerkten Konto fortfahren.
demo.login.scenario.chooser_recent_accounts.title,Zuletzt verwendete Konten
demo.login.scenario.email_otp.description,Einmal-Code per E-Mail anfordern.
demo.login.scenario.email_otp.title,E-Mail-Code anfordern
demo.login.scenario.email_otp_code.description,Sechsstelligen E-Mail-Bestätigungscode eingeben.
demo.login.scenario.email_otp_code.title,E-Mail-Code bestätigen
demo.login.scenario.idp.description,Über einen konfigurierten externen Identitätsanbieter fortfahren.
demo.login.scenario.idp.title,Externe Identität
demo.login.scenario.idp_failure.description,Wiederherstellung nach einem Startfehler des externen Anbieters.
demo.login.scenario.idp_failure.title,Anbieterfehler
demo.login.scenario.loading.description,Fortschritt anzeigen während die Realm-Erkennung aufgelöst wird.
demo.login.scenario.loading.title,Wird geladen
demo.login.scenario.logout.description,Abmeldung für die aktuelle Browsersitzung bestätigen.
demo.login.scenario.logout.title,Abmeldung
demo.login.scenario.logout_done.description,Vollständige Abmeldung und validierten Rückkehrpfad bestätigen.
demo.login.scenario.logout_done.title,Abgemeldet
demo.login.scenario.mfa.description,Verfügbaren zweiten Faktor auswählen.
demo.login.scenario.mfa.title,Faktor wählen
demo.login.scenario.mfa_email_otp.description,E-Mail als zweiten Faktor bestätigen.
demo.login.scenario.mfa_email_otp.title,E-Mail-Code
demo.login.scenario.mfa_passkey.description,Passkey als zweiten Faktor bestätigen.
demo.login.scenario.mfa_passkey.title,Passkey-Faktor
demo.login.scenario.mfa_recovery_code.description,"Einzelnen Wiederherstellungscode verwenden, wenn andere Faktoren nicht verfügbar sind."
demo.login.scenario.mfa_recovery_code.title,Wiederherstellungscode
demo.login.scenario.mfa_totp.description,Zeitbasierten Authenticator-Code bestätigen.
demo.login.scenario.mfa_totp.title,Authenticator-Code
demo.login.scenario.mfa_totp_enroll.description,Neuen Authenticator verbinden und bestätigen.
demo.login.scenario.mfa_totp_enroll.title,Authenticator einrichten
demo.login.scenario.passkey.description,Mit einem gerätegebundenen Passkey authentifizieren.
demo.login.scenario.passkey.title,Passkey
demo.login.scenario.passkey_unsupported.description,Inkompatibilität von Browser oder Gerät erklären.
demo.login.scenario.passkey_unsupported.title,Passkey nicht verfügbar
demo.login.scenario.password.description,Mit E-Mail-Adresse oder Benutzername und Passwort anmelden.
demo.login.scenario.password.title,Passwort
demo.login.scenario.password_change_required.description,Vor dem Fortfahren ein neues Passwort festlegen.
demo.login.scenario.password_change_required.title,Passwortänderung erforderlich
demo.login.scenario.password_error.description,Sichere Antwort für ungültige Anmeldedaten anzeigen.
demo.login.scenario.password_error.title,Ungültige Anmeldedaten
demo.login.scenario.password_forgot.description,Anweisungen zur Passwortwiederherstellung anfordern.
demo.login.scenario.password_forgot.title,Wiederherstellung anfordern
demo.login.scenario.password_forgot_sent.description,Nicht offenlegende E-Mail-Bestätigung anzeigen.
demo.login.scenario.password_forgot_sent.title,Wiederherstellung angefordert
demo.login.scenario.password_reset.description,Neues Passwort über einen Wiederherstellungslink wählen.
demo.login.scenario.password_reset.title,Passwort zurücksetzen
demo.login.scenario.password_reset_complete.description,Nach erfolgreichem Zurücksetzen zur Anmeldung zurückkehren.
demo.login.scenario.password_reset_complete.title,Zurücksetzung abgeschlossen
demo.login.scenario.register.description,Menschliches Konto gemäß aktiver Anmelderichtlinie erstellen.
demo.login.scenario.register.title,Registrierung
demo.login.scenario.register_done.description,Nicht offenlegenden Bestätigungshinweis anzeigen.
demo.login.scenario.register_done.title,Bestätigung gesendet
demo.login.scenario.signed_in.description,Bestätigung der wiederaufgenommenen Interaktion anzeigen.
demo.login.scenario.signed_in.title,Interaktion abgeschlossen
demo.login.scenario.unsupported.description,Nicht unterstützte oder abgelaufene Interaktion erklären.
demo.login.scenario.unsupported.title,Nicht verfügbare Anfrage
demo.login.scenario.verify_email.description,Adresse über einen vom Server ausgestellten Link bestätigen.
demo.login.scenario.verify_email.title,E-Mail-Verifizierung
demo.login.title,Anmelde-Demo
demo.nav.account,Konto
demo.nav.admin,Administration
demo.nav.compact,Kompakt
demo.nav.emails,E-Mails
demo.nav.hub,Übersicht
demo.nav.label,Demo
demo.nav.login,Anmeldung
demo.placeholder.emptyDescription,Dieses Ziel ist für einen beabsichtigten leeren Zustand vorbereitet.
demo.placeholder.emptyTitle,Keine Fixture-Datensätze
demo.placeholder.errorDescription,Ein deterministischer Fehler kann hier ohne Netzwerkanfrage dargestellt werden.
demo.placeholder.errorTitle,Fixture-Fehler
demo.placeholder.loading,Fixture wird geladen
demo.placeholder.notFoundDescription,Wählen Sie ein unterstütztes Ziel aus dem Verzeichnis.
demo.placeholder.notFoundTitle,Demo-Ziel nicht gefunden
demo.placeholder.readyDescription,"Die Route, unterstützte Zustände und die Demo-Adaptergrenze sind definiert. Die Funktionsseite ist in diesem Schritt absichtlich nicht implementiert."
demo.placeholder.readyTitle,Fixture-Vertrag bereit
email.directory.description,Deterministische HTML- und Textausgaben für alle Transaktions-E-Mail-Vorlagen prüfen.
email.directory.eyebrow,Transaktionsnachrichten
email.directory.open,Vorschau öffnen
email.directory.title,E-Mail-Vorschauen
email.hub.description,Isolierte HTML- und Nur-Text-Fixtures für Transaktions-E-Mails prüfen.
email.hub.open,E-Mail-Vorschau öffnen
email.preview.back,Alle E-Mail-Vorschauen
email.preview.html,HTML-Vorschau
email.preview.impersonationEnded,Identitätsübernahme beendet
email.preview.impersonationStarted,Identitätsübernahme gestartet
email.preview.invitation,Einladung zur Organisation
email.preview.isolated,In einem isolierten Frame gerendert; Netzwerkzugriff ist deaktiviert.
email.preview.notFound,E-Mail-Vorschau nicht gefunden
email.preview.otp,Einmalpasswort
email.preview.recipient,Testempfänger
email.preview.recovery,Passwort-Wiederherstellung
email.preview.securityFailed,Anmeldebestätigung fehlgeschlagen
email.preview.securityRequested,Anmeldebestätigung angefordert
email.preview.securityVerified,Anmeldebestätigung abgeschlossen
email.preview.subject,Betreff
email.preview.text,Textalternative
email.preview.verification,E-Mail-Verifizierung
login.chooser.accountOrMethodTitle,Konto oder Methode auswählen
login.chooser.description,"Wählen Sie aus, wie Sie sich bei {organization} anmelden möchten."
login.chooser.emailOtpDetail,Erhalten Sie einen Einmalcode per E-Mail
login.chooser.emailOtpLabel,E-Mail-Code
login.chooser.lastUsed,Zuletzt verwendet
login.chooser.methodTitle,Methode auswählen
login.chooser.orChooseMethod,Oder eine Methode auswählen
login.chooser.passkeyDetail,Verwenden Sie die Bildschirmsperre Ihres Geräts oder einen Sicherheitsschlüssel
login.chooser.passkeyLabel,Passkey
login.chooser.passwordDetail,Verwenden Sie das Passwort Ihres Kontos
login.chooser.passwordLabel,Passwort
login.chooser.providerDetail,Mit Ihrem bestehenden {provider}-Konto anmelden
login.chooser.providerLabel,Mit {provider} fortfahren
login.chooser.register,Konto erstellen
login.chooser.title,Anmelden
login.chooser.useRecent,Zuletzt verwendetes Konto verwenden
login.chooser.whatsappOtpDetail,Einen Einmalcode über WhatsApp erhalten
login.chooser.whatsappOtpLabel,WhatsApp-Code
login.common.back,Zurück zu den Anmeldeoptionen
login.common.legal,"Wenn Sie fortfahren, bestätigen Sie die {terms} und die {privacy}."
login.common.privacy,Datenschutzerklärung
login.common.terms,Nutzungsbedingungen
login.common.working,Wird verarbeitet…
login.emailOtp.back,Zurück zu den Methoden
login.emailOtp.changeEmail,E-Mail ändern
login.emailOtp.codeDescription,"Geben Sie den sechsstelligen Code ein, den wir an {email} gesendet haben."
login.emailOtp.codeHelp,6 Ziffern eingeben.
login.emailOtp.codeTitle,Geben Sie Ihren E-Mail-Code ein
login.emailOtp.description,"Wir senden Ihnen einen Einmalcode per E-Mail, anstatt nach einem Passwort zu fragen."
login.emailOtp.remember,Diese E-Mail-Adresse merken
login.emailOtp.resend,Neuen Code senden
login.emailOtp.resendCountdown,Ein neuer Code kann in {seconds} Sekunden gesendet werden.
login.emailOtp.resent,Ein neuer Code wurde gesendet.
login.emailOtp.send,Code senden
login.emailOtp.sending,Wird gesendet...
login.emailOtp.title,Mit einem E-Mail-Code anmelden
login.emailOtp.verify,Code bestätigen
login.emailOtp.verifying,Wird überprüft...
login.error.codeRequired,Geben Sie den sechsstelligen Bestätigungscode ein.
login.error.credentialsInvalid,Benutzername oder Passwort ist falsch.
login.error.credentialsRequired,Geben Sie Ihren Benutzernamen und Ihr Passwort ein.
login.error.emailRecoveryRequired,Geben Sie die E-Mail-Adresse Ihres Kontos ein.
login.error.emailRequired,Geben Sie eine gültige E-Mail-Adresse ein.
login.error.enrollmentMissing,"Starten Sie die Einrichtung der Authenticator-App, bevor Sie einen Code bestätigen."
login.error.identifierRequired,Geben Sie Ihren Benutzernamen oder Ihre E-Mail-Adresse ein.
login.error.nameRequired,"Geben Sie den Namen ein, der in Ihrem Konto angezeigt werden soll."
login.error.newPasswordRequired,Geben Sie ein neues Passwort ein.
login.error.passwordMismatch,Die Passwörter stimmen nicht überein.
login.error.passwordRequired,Geben Sie Ihr Passwort ein.
login.error.passwordTooShort,Das Passwort muss mindestens 8 Zeichen enthalten.
login.error.recoveryCodeRequired,Geben Sie einen Ihrer gespeicherten Wiederherstellungscodes ein.
login.error.tokenMissing,"Öffnen Sie den vollständigen Link aus Ihrer E-Mail, um fortzufahren."
login.logout.description,Sie können diese Sitzung auf diesem Gerät beenden.
login.logout.doneDescription,Sie wurden von {organization} abgemeldet.
login.logout.doneTitle,Abgemeldet
login.logout.submit,Abmelden
login.logout.title,Von {organization} abmelden
login.mfa.backToChoices,Zurück zu den Optionen für die Bestätigung in zwei Schritten
login.mfa.backToMethods,Zurück zu den Methoden
login.mfa.continue,Anmeldung fortsetzen
login.mfa.description,"Wählen Sie aus, wie Sie bestätigen möchten, dass Sie es sind."
login.mfa.emailOtp,E-Mail-Code
login.mfa.emailOtpCodeTitle,E-Mail-Bestätigungscode
login.mfa.emailOtpDescription,"Geben Sie den sechsstelligen Code ein, den wir an Ihre E-Mail-Adresse gesendet haben."
login.mfa.emailOtpDetail,Erhalten Sie einen einmaligen Bestätigungscode per E-Mail.
login.mfa.emailOtpEnroll,E-Mail-Codes einrichten
login.mfa.emailOtpEnrollDescription,Bestätigungscodes werden an die E-Mail-Adresse Ihres Kontos gesendet.
login.mfa.emailOtpEnrollNotice,"Richten Sie E-Mail-Codes ein, um die E-Mail-Adresse Ihres Kontos als zweiten Faktor zu verwenden."
login.mfa.emailOtpEnrollSent,E-Mail-Codes sind eingerichtet. Geben Sie den an Ihre E-Mail-Adresse gesendeten Code ein.
login.mfa.emailOtpEnrollTitle,E-Mail-Codes einrichten
login.mfa.emailOtpResent,Ein neuer Bestätigungscode wurde an Ihre E-Mail-Adresse gesendet.
login.mfa.emailOtpSend,Code senden
login.mfa.emailOtpSendDescription,Einen sechsstelligen Bestätigungscode an die E-Mail-Adresse Ihres Kontos senden.
login.mfa.emailOtpSent,Ein Bestätigungscode wurde an Ihre E-Mail-Adresse gesendet.
login.mfa.emailOtpUnavailableDescription,Die Bestätigung per E-Mail als zweiter Faktor ist in diesem Anmeldevorgang nicht verfügbar.
login.mfa.emailOtpUnavailableNotice,Der E-Mail-MFA-Transport ist für diese Authworks-Anmeldeanfrage nicht eingerichtet.
login.mfa.emailOtpUnavailableTitle,E-Mail-Code nicht verfügbar
login.mfa.enrollDescription,Wählen Sie eine Methode zur Einrichtung der Bestätigung in zwei Schritten für Ihr Konto.
login.mfa.enrollTitle,Bestätigung in zwei Schritten einrichten
login.mfa.enterRecoveryCode,Geben Sie einen gespeicherten Wiederherstellungscode ein.
login.mfa.enterSixDigits,6 Ziffern eingeben.
login.mfa.factorUnavailable,Dieser Faktor ist im aktuellen Anmeldevertrag nicht verfügbar.
login.mfa.loadingOptions,Optionen für die Bestätigung in zwei Schritten werden geladen...
login.mfa.loadingOptionsDescription,Die verfügbaren Optionen für den zweiten Faktor werden abgerufen.
login.mfa.optionalDescription,Richten Sie zur zusätzlichen Sicherheit die Bestätigung in zwei Schritten ein oder überspringen Sie sie vorerst.
login.mfa.optionalTitle,Optionale Bestätigung in zwei Schritten
login.mfa.optionsUnavailableDescription,Die verfügbaren Optionen für den zweiten Faktor konnten nicht geladen werden.
login.mfa.optionsUnavailableTitle,Bestätigung in zwei Schritten nicht verfügbar
login.mfa.passkey,Passkey
login.mfa.passkeyDescription,"Bestätigen Sie mit einem Passkey, der Bildschirmsperre Ihres Geräts oder biometrischen Daten."
login.mfa.passkeyDetail,Mit einem Passkey oder biometrischen Daten des Geräts bestätigen.
login.mfa.passkeyEnrollmentUnavailableDescription,Die Passkey-Einrichtung wird vom gehosteten Anmeldevertrag nicht bereitgestellt.
login.mfa.passkeyEnrollmentUnavailableNotice,Schließen Sie die Passkey-Einrichtung in einer authentifizierten Kontosicherheitsseite ab und kehren Sie dann zur Anmeldung zurück.
login.mfa.passkeyEnrollmentUnavailableTitle,Passkey-Einrichtung nicht verfügbar
login.mfa.passkeyUnavailableDescription,Die Bestätigung mit einem Passkey als zweitem Faktor ist in diesem Anmeldevorgang nicht verfügbar.
login.mfa.passkeyUnavailableNotice,Der Passkey-MFA-Transport ist für diese Authworks-Anmeldeanfrage nicht eingerichtet.
login.mfa.passkeyUnavailableTitle,Passkey nicht verfügbar
login.mfa.passkeyVerify,Mit Passkey bestätigen
login.mfa.recoveryCode,Wiederherstellungscode
login.mfa.recoveryCodeDescription,"Verwenden Sie einen der Einmalcodes, die Sie bei der Einrichtung der Bestätigung gespeichert haben."
login.mfa.recoveryCodeDetail,Verwenden Sie einen Ihrer gespeicherten einmaligen Wiederherstellungscodes.
login.mfa.recoveryCodeLabel,Wiederherstellungscode
login.mfa.resend,Code erneut senden
login.mfa.resendIn,Erneut senden in {seconds} Sekunden
login.mfa.retryOptions,Laden der Optionen wiederholen
login.mfa.satisfiedDescription,Ihre Anmeldung erfüllt bereits die Richtlinie für die Bestätigung in zwei Schritten.
login.mfa.satisfiedTitle,Bestätigung in zwei Schritten erfüllt
login.mfa.setupFactor,{factor} einrichten
login.mfa.skip,Vorerst überspringen
login.mfa.skipping,Wird übersprungen...
login.mfa.title,Bestätigung in zwei Schritten
login.mfa.totp,Authenticator-App
login.mfa.totpChallengeTitle,Authenticator-Code
login.mfa.totpDescription,Geben Sie den sechsstelligen Code aus Ihrer Authenticator-App ein.
login.mfa.totpDetail,Verwenden Sie einen Code aus Ihrer Authenticator-App.
login.mfa.unavailable,Nicht verfügbar
login.mfa.verificationCode,Bestätigungscode
login.mfa.verify,Bestätigen
login.passkey.canceled,Die Passkey-Anmeldung wurde abgebrochen oder ist wegen einer Zeitüberschreitung beendet worden. Versuchen Sie es erneut.
login.passkey.ceremonyFailure,Die Passkey-Anmeldung konnte nicht abgeschlossen werden. Versuchen Sie es erneut.
login.passkey.description,"Bestätigen Sie dies mit der Bildschirmsperre Ihres Geräts, Ihrem Fingerabdruck oder einem Sicherheitsschlüssel."
login.passkey.permissionDenied,Der Zugriff auf den Passkey wurde verweigert. Erlauben Sie den Passkey-Zugriff für diese Website und versuchen Sie es erneut.
login.passkey.submit,Mit Passkey fortfahren
login.passkey.title,Mit einem Passkey anmelden
login.passkey.unsupported,Dieser Browser oder dieses Gerät kann keine Passkeys verwenden. Wählen Sie eine andere Anmeldemethode.
login.passkey.unsupportedTitle,Passkey nicht unterstützt
login.password.back,Zurück zu den Methoden
login.password.changeDescription,"Wählen Sie ein neues Passwort, bevor Sie fortfahren."
login.password.changeRequiredDescription,"Ihr Passwort muss geändert werden, bevor Sie fortfahren."
login.password.changeRequiredTitle,Passwort ändern
login.password.changeSubmit,Passwort ändern
login.password.changeTitle,Passwort aktualisieren
login.password.confirm,Passwort bestätigen
login.password.current,Aktuelles Passwort
login.password.currentRequired,Geben Sie Ihr aktuelles Passwort ein.
login.password.description,Geben Sie die Zugangsdaten für Ihr {organization}-Konto ein.
login.password.expiredDescription,"Ihr Passwort ist abgelaufen. Legen Sie ein neues Passwort fest, um fortzufahren."
login.password.forgot,Passwort vergessen?
login.password.hide,Passwort ausblenden
login.password.identifier,Benutzername oder E-Mail-Adresse
login.password.label,Passwort
login.password.new,Neues Passwort
login.password.passwordRequired,Geben Sie Ihr Passwort ein.
login.password.rememberIdentifier,Diesen Bezeichner merken
login.password.saving,Wird gespeichert...
login.password.show,Passwort anzeigen
login.password.signInTitle,Mit Passwort anmelden
login.password.signingIn,Anmeldung läuft...
login.password.submit,Anmelden
login.password.title,Geben Sie Ihr Passwort ein
login.provider.accountNotFoundDescription,Mit diesem {provider}-Konto ist kein Authworks-Konto verknüpft. Kontoverknüpfung und selbstständige Registrierung sind noch nicht aktiviert.
login.provider.accountNotFoundTitle,Kein verknüpftes Konto
login.provider.description,Sie werden bei {provider} fortfahren und kehren anschließend hierher zurück.
login.provider.failureDescription,Die Anmeldung mit {provider} wurde nicht abgeschlossen. Bitte versuchen Sie es erneut.
login.provider.linkingFailedDescription,Das Verknüpfen des Kontos konnte nicht abgeschlossen werden. Verwenden Sie eine andere Anmeldemethode.
login.provider.linkingFailedTitle,Konto konnte nicht verknüpft werden
login.provider.submit,Mit {provider} fortfahren
login.provider.title,Mit {provider} fortfahren
login.recent.description,"Mit einem Konto fortfahren, das Sie auf diesem Gerät verwendet haben."
login.recent.heading,Zuletzt verwendete Konten
login.recent.other,Anderes Konto verwenden
login.recent.title,Konto auswählen
login.recent.useAnother,Andere Methode oder anderes Konto verwenden
login.recovery.back,Zurück zur Anmeldung
login.recovery.checkingLink,Reset-Link wird geprüft...
login.recovery.choosePasswordTitle,Neues Passwort wählen
login.recovery.completeDescription,Mit Ihrem neuen Passwort anmelden
login.recovery.completeDescriptionReference,"Mit Ihrem neuen Passwort anmelden, um fortzufahren."
login.recovery.completeTitle,Passwort aktualisiert
login.recovery.completeTitleReference,Ihr Passwort wurde geändert
login.recovery.description,"Geben Sie Ihre E-Mail-Adresse ein. Wenn ein Konto vorhanden ist, senden wir Ihnen Anweisungen zur Wiederherstellung."
login.recovery.invalidLinkError,Dieser Link zum Zurücksetzen des Passworts ist ungültig oder abgelaufen.
login.recovery.invalidLinkTitle,Dieser Reset-Link ist nicht mehr gültig
login.recovery.loading,Passwortwiederherstellung wird geladen...
login.recovery.policyRejected,"Wählen Sie ein Passwort, das die Anforderungen erfüllt."
login.recovery.resetDescription,Wählen Sie ein neues Passwort für Ihr Konto.
login.recovery.resetSubmit,Passwort aktualisieren
login.recovery.resetSubmitReference,Neues Passwort festlegen
login.recovery.resetTitle,Neues Passwort festlegen
login.recovery.saving,Wird gespeichert...
login.recovery.sending,Wird gesendet...
login.recovery.sentDescription,"Wenn ein Konto zu dieser Adresse passt, sind die Wiederherstellungsanweisungen unterwegs. Der Link läuft bald ab."
login.recovery.sentTitle,E-Mails prüfen
login.recovery.submit,Wiederherstellungsanweisungen senden
login.recovery.submitReference,Reset-Link senden
login.recovery.title,Passwort zurücksetzen
login.recovery.unavailableDescription,Die Passwortwiederherstellung ist vorübergehend nicht verfügbar.
login.recovery.unavailableTitle,Passwortwiederherstellung nicht verfügbar
login.register.description,Erstellen Sie ein Konto für {organization}.
login.register.displayName,Vollständiger Name
login.register.doneDescription,"Bestätigen Sie Ihre E-Mail-Adresse über den Link, den wir an {email} gesendet haben."
login.register.doneTitle,E-Mail-Adresse bestätigen
login.register.email,E-Mail-Adresse
login.register.signIn,Haben Sie bereits ein Konto?
login.register.submit,Konto erstellen
login.register.title,Konto erstellen
login.register.userName,Benutzername
login.signedIn.description,Sie sind bei {organization} angemeldet.
login.signedIn.title,Angemeldet
login.status.continuing,Anmeldung wird fortgesetzt...
login.status.fatalTitle,Anmeldung erneut starten
login.status.loading,Anmeldung wird vorbereitet
login.status.unavailableDescription,Diese Anmeldeanfrage kann nicht abgeschlossen werden. Kehren Sie zur Anwendung zurück und versuchen Sie es erneut.
login.status.unavailableTitle,Anmeldung nicht verfügbar
login.totpEnroll.description,Fügen Sie diesen Einrichtungsschlüssel zu Ihrer Authenticator-App hinzu und geben Sie anschließend den erzeugten Code ein. Der Schlüssel wird nur jetzt angezeigt.
login.totpEnroll.hideSetupKey,Einrichtungsschlüssel ausblenden
login.totpEnroll.qrLabel,QR-Code zur Einrichtung der Authenticator-App
login.totpEnroll.scanDescription,"Scannen Sie den QR-Code mit Ihrer Authenticator-App und geben Sie anschließend den angezeigten sechsstelligen Code ein."
login.totpEnroll.setupKeyLabel,Einrichtungsschlüssel (wenn Scannen nicht möglich ist)
login.totpEnroll.showSetupKey,Einrichtungsschlüssel anzeigen
login.totpEnroll.start,Einrichtungsschlüssel anzeigen
login.totpEnroll.submit,Einrichtung abschließen
login.totpEnroll.title,Authenticator-App einrichten
login.totpEnroll.unavailableDescription,"Die Authenticator-Einrichtung konnte hier nicht vorbereitet werden. Die Einrichtungsdaten können nach einem Neuladen nicht wiederhergestellt werden."
login.verify.description,Bestätigen Sie die E-Mail-Adresse Ihres Kontos.
login.verify.submit,E-Mail-Adresse bestätigen
login.verify.title,E-Mail-Adresse bestätigen
login.verify.verifiedDescription,{email} ist bestätigt. Sie können sich jetzt anmelden.
login.verify.verifiedTitle,E-Mail-Adresse bestätigt
login.whatsappOtp.codeDescription,"Geben Sie den Code ein, der über WhatsApp an {phoneNumber} gesendet wurde."
login.whatsappOtp.codeError,Der WhatsApp-Code ist falsch.
login.whatsappOtp.codeTitle,WhatsApp-Bestätigungscode
login.whatsappOtp.description,"Wir senden Ihnen über WhatsApp einen Einmalcode, anstatt nach einem Passwort zu fragen."
login.whatsappOtp.differentNumber,Andere Nummer verwenden
login.whatsappOtp.phoneHint,"Verwenden Sie das internationale E.164-Format, zum Beispiel +14155552671."
login.whatsappOtp.phoneInvalid,Geben Sie eine gültige Telefonnummer im E.164-Format ein.
login.whatsappOtp.phoneNumber,WhatsApp-Telefonnummer
login.whatsappOtp.phonePlaceholder,+4915123456789
login.whatsappOtp.resend,Code erneut senden
login.whatsappOtp.send,WhatsApp-Code senden
login.whatsappOtp.sendError,Der WhatsApp-Code konnte nicht gesendet werden.
login.whatsappOtp.sending,Code wird gesendet…
login.whatsappOtp.title,Mit WhatsApp anmelden
login.whatsappOtp.verifying,Wird überprüft…
shell.guard.accessUnavailable,Zugriff nicht verfügbar
shell.guard.contextRequired,Kontext erforderlich
shell.guard.contextRequiredDetail,"Wählen Sie den erforderlichen Realm oder die Organisation aus, bevor Sie fortfahren."
shell.guard.destinationUnavailable,Ziel nicht verfügbar
shell.guard.destinationUnavailableDetail,Das angeforderte Ziel ist nicht Teil dieser Anwendung.
shell.guard.pageNotFound,Seite nicht gefunden
shell.guard.signInRequired,Anmeldung erforderlich
shell.guard.signInRequiredDetail,"Melden Sie sich an, um zu diesem Ziel fortzufahren."
shell.nav.acceptInvitation,Einladung annehmen
shell.nav.access,Zugriff
shell.nav.account,Konto
shell.nav.administratorSignIn,Administratoranmeldung
shell.nav.applicationConsent,Anwendungszustimmung
shell.nav.applicationConsents,Anwendungszustimmungen
shell.nav.applications,Anwendungen
shell.nav.auditEvents,Audit-Ereignisse
shell.nav.branding,Erscheinungsbild
shell.nav.chooseDestination,Ziel auswählen
shell.nav.credentialsTokens,Anmeldedaten und Token
shell.nav.deleteAccount,Konto löschen
shell.nav.directory,Verzeichnis
shell.nav.effectiveAccess,Effective access
shell.nav.effectiveAccess,Effektiver Zugriff
shell.nav.emailAddress,E-Mail-Adresse
shell.nav.emailOtpSignIn,E-Mail-Code-Anmeldung
shell.nav.externalIdentitySignIn,Externe Identitätsanmeldung
shell.nav.impersonation,Identitätsübernahme
shell.nav.invitations,Einladungen
shell.nav.linkedIdentities,Verknüpfte Identitäten
shell.nav.loginPolicy,Anmeldung und Identität
shell.nav.loginPolicyProviders,Anmeldung und Identitätsanbieter
shell.nav.logout,Abmelden
shell.nav.machineCredentials,Maschinen-Anmeldedaten
shell.nav.machineUsers,Maschinenbenutzer
shell.nav.membershipsRoles,Mitglieder und Rollen
shell.nav.mfa,Multi-Faktor-Authentifizierung
shell.nav.mfaSignIn,Multi-Faktor-Anmeldung
shell.nav.myOrganizations,Meine Organisationen
shell.nav.navigationTitle,{title}-Navigation
shell.nav.oidcClients,OIDC-Clients
shell.nav.openIdConnect,OpenID Connect
shell.nav.operations,Betrieb
shell.nav.organization,Organisation
shell.nav.organizations,Organisationen
shell.nav.overview,Übersicht
shell.nav.passkeySignIn,Passkey-Anmeldung
shell.nav.passkeys,Passkeys für Anmeldung
shell.nav.password,Passwort
shell.nav.passwordRecovery,Passwortwiederherstellung
shell.nav.passwordSignIn,Passwort-Anmeldung
shell.nav.personalInformation,Persönliche Angaben
shell.nav.profile,Profil
shell.nav.projects,Projekte
shell.nav.protocolDocuments,Protokolldokumente
shell.nav.realm,Realm-Bereich
shell.nav.realmSettings,Bereichseinstellungen
shell.nav.recoveryCodes,Wiederherstellungscodes
shell.nav.refreshTokens,Refresh-Token
shell.nav.registration,Registrierung
shell.nav.rolesGrants,Rollen und Berechtigungen
shell.nav.security,Sicherheit
shell.nav.securityHistory,Sicherheitsverlauf
shell.nav.sessions,Sitzungen
shell.nav.sessionsDevices,Sitzungen und Geräte
shell.nav.signingKeys,Signaturschlüssel
shell.nav.users,Benutzer
shell.nav.verifyEmail,E-Mail bestätigen
shell.state.errorDetail,"Die Seite konnte nicht vorbereitet werden. Versuchen Sie es erneut, wenn Sie bereit sind."
shell.state.inaccessibleDetail,Sie haben im aktuellen Kontext keinen Zugriff auf dieses Ziel.
shell.state.loadingDetail,Diese Seite und ihr Sicherheitskontext werden vorbereitet.
shell.state.nothingHere,Noch nichts hier
shell.state.pageUnavailable,Diese Seite ist nicht verfügbar
shell.state.readyDetail,Diese Seite ist für ihren Funktionsinhalt bereit.
